Workbook

Sheet DATA ROOM RUKOST
A1: JUMLAH KAMAR | B1: NO. UNIT | C1: NO. KAMAR | D1: TENANT | E1: KELAMIN | F1: STATUS | G1: WAKTU SEWA/TAHUN | H1: RATE | I1: CHECK IN | J1: CHECK OUT | K1: TANGGAL BULAN 2026
A2: 1 | B2: 01 B:5 A:6 Putri | C2: 1 | F2: =IF(D2="","Vacant","Inhouse") -> Vacant | H2: =G2*$G$127 -> 0 | K2: 1 | L2: 2 | M2: 3 | N2: 4 | O2: 5 | P2: 6 | Q2: 7 | R2: 8 | S2: 9 | T2: 10 | U2: 11 | V2: 12 | W2: 13 | X2: 14 | Y2: 15 | Z2: 16 | AA2: 17 | AB2: 18 | AC2: 19 | AD2: 20 | AE2: 21 | AF2: 22 | AG2: 23 | AH2: 24 | AI2: 25 | AJ2: 26 | AK2: 27 | AL2: 28 | AM2: 29 | AN2: 30 | AO2: 31
A3: 2 | C3: 2 | F3: =IF(D3="","Vacant","Inhouse") -> Vacant | H3: =G3*$G$127 -> 0 | K3: 1 | L3: 2 | M3: 3 | N3: 4 | O3: 5 | P3: 6 | Q3: 7 | R3: 8 | S3: 9 | T3: 10 | U3: 11 | V3: 12 | W3: 13 | X3: 14 | Y3: 15 | Z3: 16 | AA3: 17 | AB3: 18 | AC3: 19 | AD3: 20 | AE3: 21 | AF3: 22 | AG3: 23 | AH3: 24 | AI3: 25 | AJ3: 26 | AK3: 27 | AL3: 28 | AM3: 29 | AN3: 30 | AO3: 31
A4: 3 | C4: 3 | F4: =IF(D4="","Vacant","Inhouse") -> Vacant | H4: =G4*$G$127 -> 0 | K4: 1 | L4: 2 | M4: 3 | N4: 4 | O4: 5 | P4: 6 | Q4: 7 | R4: 8 | S4: 9 | T4: 10 | U4: 11 | V4: 12 | W4: 13 | X4: 14 | Y4: 15 | Z4: 16 | AA4: 17 | AB4: 18 | AC4: 19 | AD4: 20 | AE4: 21 | AF4: 22 | AG4: 23 | AH4: 24 | AI4: 25 | AJ4: 26 | AK4: 27 | AL4: 28 | AM4: 29 | AN4: 30 | AO4: 31
A5: 4 | C5: 4 | F5: =IF(D5="","Vacant","Inhouse") -> Vacant | H5: =G5*$G$127 -> 0 | K5: 1 | L5: 2 | M5: 3 | N5: 4 | O5: 5 | P5: 6 | Q5: 7 | R5: 8 | S5: 9 | T5: 10 | U5: 11 | V5: 12 | W5: 13 | X5: 14 | Y5: 15 | Z5: 16 | AA5: 17 | AB5: 18 | AC5: 19 | AD5: 20 | AE5: 21 | AF5: 22 | AG5: 23 | AH5: 24 | AI5: 25 | AJ5: 26 | AK5: 27 | AL5: 28 | AM5: 29 | AN5: 30 | AO5: 31
A6: 5 | C6: 5 | F6: =IF(D6="","Vacant","Inhouse") -> Vacant | H6: =G6*$G$127 -> 0 | K6: 1 | L6: 2 | M6: 3 | N6: 4 | O6: 5 | P6: 6 | Q6: 7 | R6: 8 | S6: 9 | T6: 10 | U6: 11 | V6: 12 | W6: 13 | X6: 14 | Y6: 15 | Z6: 16 | AA6: 17 | AB6: 18 | AC6: 19 | AD6: 20 | AE6: 21 | AF6: 22 | AG6: 23 | AH6: 24 | AI6: 25 | AJ6: 26 | AK6: 27 | AL6: 28 | AM6: 29 | AN6: 30 | AO6: 31
A7: 6 | C7: 6 | F7: =IF(D7="","Vacant","Inhouse") -> Vacant | H7: =G7*$G$127 -> 0 | K7: 1 | L7: 2 | M7: 3 | N7: 4 | O7: 5 | P7: 6 | Q7: 7 | R7: 8 | S7: 9 | T7: 10 | U7: 11 | V7: 12 | W7: 13 | X7: 14 | Y7: 15 | Z7: 16 | AA7: 17 | AB7: 18 | AC7: 19 | AD7: 20 | AE7: 21 | AF7: 22 | AG7: 23 | AH7: 24 | AI7: 25 | AJ7: 26 | AK7: 27 | AL7: 28 | AM7: 29 | AN7: 30 | AO7: 31
A8: 7 | C8: 7 | F8: =IF(D8="","Vacant","Inhouse") -> Vacant | H8: =G8*$G$127 -> 0 | K8: 1 | L8: 2 | M8: 3 | N8: 4 | O8: 5 | P8: 6 | Q8: 7 | R8: 8 | S8: 9 | T8: 10 | U8: 11 | V8: 12 | W8: 13 | X8: 14 | Y8: 15 | Z8: 16 | AA8: 17 | AB8: 18 | AC8: 19 | AD8: 20 | AE8: 21 | AF8: 22 | AG8: 23 | AH8: 24 | AI8: 25 | AJ8: 26 | AK8: 27 | AL8: 28 | AM8: 29 | AN8: 30 | AO8: 31
A9: 8 | C9: 8 | F9: =IF(D9="","Vacant","Inhouse") -> Vacant | H9: =G9*$G$127 -> 0 | K9: 1 | L9: 2 | M9: 3 | N9: 4 | O9: 5 | P9: 6 | Q9: 7 | R9: 8 | S9: 9 | T9: 10 | U9: 11 | V9: 12 | W9: 13 | X9: 14 | Y9: 15 | Z9: 16 | AA9: 17 | AB9: 18 | AC9: 19 | AD9: 20 | AE9: 21 | AF9: 22 | AG9: 23 | AH9: 24 | AI9: 25 | AJ9: 26 | AK9: 27 | AL9: 28 | AM9: 29 | AN9: 30 | AO9: 31
A10: 9 | C10: 9 | F10: =IF(D10="","Vacant","Inhouse") -> Vacant | H10: =G10*$G$127 -> 0 | K10: 1 | L10: 2 | M10: 3 | N10: 4 | O10: 5 | P10: 6 | Q10: 7 | R10: 8 | S10: 9 | T10: 10 | U10: 11 | V10: 12 | W10: 13 | X10: 14 | Y10: 15 | Z10: 16 | AA10: 17 | AB10: 18 | AC10: 19 | AD10: 20 | AE10: 21 | AF10: 22 | AG10: 23 | AH10: 24 | AI10: 25 | AJ10: 26 | AK10: 27 | AL10: 28 | AM10: 29 | AN10: 30 | AO10: 31
A11: 10 | C11: 10 | F11: =IF(D11="","Vacant","Inhouse") -> Vacant | H11: =G11*$G$127 -> 0 | K11: 1 | L11: 2 | M11: 3 | N11: 4 | O11: 5 | P11: 6 | Q11: 7 | R11: 8 | S11: 9 | T11: 10 | U11: 11 | V11: 12 | W11: 13 | X11: 14 | Y11: 15 | Z11: 16 | AA11: 17 | AB11: 18 | AC11: 19 | AD11: 20 | AE11: 21 | AF11: 22 | AG11: 23 | AH11: 24 | AI11: 25 | AJ11: 26 | AK11: 27 | AL11: 28 | AM11: 29 | AN11: 30 | AO11: 31
A12: 11 | C12: 11 | F12: =IF(D12="","Vacant","Inhouse") -> Vacant | H12: =G12*$G$127 -> 0 | K12: 1 | L12: 2 | M12: 3 | N12: 4 | O12: 5 | P12: 6 | Q12: 7 | R12: 8 | S12: 9 | T12: 10 | U12: 11 | V12: 12 | W12: 13 | X12: 14 | Y12: 15 | Z12: 16 | AA12: 17 | AB12: 18 | AC12: 19 | AD12: 20 | AE12: 21 | AF12: 22 | AG12: 23 | AH12: 24 | AI12: 25 | AJ12: 26 | AK12: 27 | AL12: 28 | AM12: 29 | AN12: 30 | AO12: 31
A13: 12 | B13: 02 B:4 A:4 Putra | C13: 1 | F13: =IF(D13="","Vacant","Inhouse") -> Vacant | H13: =G13*$G$127 -> 0 | K13: 1 | L13: 2 | M13: 3 | N13: 4 | O13: 5 | P13: 6 | Q13: 7 | R13: 8 | S13: 9 | T13: 10 | U13: 11 | V13: 12 | W13: 13 | X13: 14 | Y13: 15 | Z13: 16 | AA13: 17 | AB13: 18 | AC13: 19 | AD13: 20 | AE13: 21 | AF13: 22 | AG13: 23 | AH13: 24 | AI13: 25 | AJ13: 26 | AK13: 27 | AL13: 28 | AM13: 29 | AN13: 30 | AO13: 31
A14: 13 | C14: 2 | F14: =IF(D14="","Vacant","Inhouse") -> Vacant | H14: =G14*$G$127 -> 0 | K14: 1 | L14: 2 | M14: 3 | N14: 4 | O14: 5 | P14: 6 | Q14: 7 | R14: 8 | S14: 9 | T14: 10 | U14: 11 | V14: 12 | W14: 13 | X14: 14 | Y14: 15 | Z14: 16 | AA14: 17 | AB14: 18 | AC14: 19 | AD14: 20 | AE14: 21 | AF14: 22 | AG14: 23 | AH14: 24 | AI14: 25 | AJ14: 26 | AK14: 27 | AL14: 28 | AM14: 29 | AN14: 30 | AO14: 31
A15: 14 | C15: 3 | F15: =IF(D15="","Vacant","Inhouse") -> Vacant | H15: =G15*$G$127 -> 0 | K15: 1 | L15: 2 | M15: 3 | N15: 4 | O15: 5 | P15: 6 | Q15: 7 | R15: 8 | S15: 9 | T15: 10 | U15: 11 | V15: 12 | W15: 13 | X15: 14 | Y15: 15 | Z15: 16 | AA15: 17 | AB15: 18 | AC15: 19 | AD15: 20 | AE15: 21 | AF15: 22 | AG15: 23 | AH15: 24 | AI15: 25 | AJ15: 26 | AK15: 27 | AL15: 28 | AM15: 29 | AN15: 30 | AO15: 31
A16: 15 | C16: 4 | F16: =IF(D16="","Vacant","Inhouse") -> Vacant | H16: =G16*$G$127 -> 0 | K16: 1 | L16: 2 | M16: 3 | N16: 4 | O16: 5 | P16: 6 | Q16: 7 | R16: 8 | S16: 9 | T16: 10 | U16: 11 | V16: 12 | W16: 13 | X16: 14 | Y16: 15 | Z16: 16 | AA16: 17 | AB16: 18 | AC16: 19 | AD16: 20 | AE16: 21 | AF16: 22 | AG16: 23 | AH16: 24 | AI16: 25 | AJ16: 26 | AK16: 27 | AL16: 28 | AM16: 29 | AN16: 30 | AO16: 31
A17: 16 | C17: 5 | F17: =IF(D17="","Vacant","Inhouse") -> Vacant | H17: =G17*$G$127 -> 0 | K17: 1 | L17: 2 | M17: 3 | N17: 4 | O17: 5 | P17: 6 | Q17: 7 | R17: 8 | S17: 9 | T17: 10 | U17: 11 | V17: 12 | W17: 13 | X17: 14 | Y17: 15 | Z17: 16 | AA17: 17 | AB17: 18 | AC17: 19 | AD17: 20 | AE17: 21 | AF17: 22 | AG17: 23 | AH17: 24 | AI17: 25 | AJ17: 26 | AK17: 27 | AL17: 28 | AM17: 29 | AN17: 30 | AO17: 31
A18: 17 | C18: 6 | F18: =IF(D18="","Vacant","Inhouse") -> Vacant | H18: =G18*$G$127 -> 0 | K18: 1 | L18: 2 | M18: 3 | N18: 4 | O18: 5 | P18: 6 | Q18: 7 | R18: 8 | S18: 9 | T18: 10 | U18: 11 | V18: 12 | W18: 13 | X18: 14 | Y18: 15 | Z18: 16 | AA18: 17 | AB18: 18 | AC18: 19 | AD18: 20 | AE18: 21 | AF18: 22 | AG18: 23 | AH18: 24 | AI18: 25 | AJ18: 26 | AK18: 27 | AL18: 28 | AM18: 29 | AN18: 30 | AO18: 31
A19: 18 | C19: 7 | F19: =IF(D19="","Vacant","Inhouse") -> Vacant | H19: =G19*$G$127 -> 0 | K19: 1 | L19: 2 | M19: 3 | N19: 4 | O19: 5 | P19: 6 | Q19: 7 | R19: 8 | S19: 9 | T19: 10 | U19: 11 | V19: 12 | W19: 13 | X19: 14 | Y19: 15 | Z19: 16 | AA19: 17 | AB19: 18 | AC19: 19 | AD19: 20 | AE19: 21 | AF19: 22 | AG19: 23 | AH19: 24 | AI19: 25 | AJ19: 26 | AK19: 27 | AL19: 28 | AM19: 29 | AN19: 30 | AO19: 31
A20: 19 | C20: 8 | F20: =IF(D20="","Vacant","Inhouse") -> Vacant | H20: =G20*$G$127 -> 0 | K20: 1 | L20: 2 | M20: 3 | N20: 4 | O20: 5 | P20: 6 | Q20: 7 | R20: 8 | S20: 9 | T20: 10 | U20: 11 | V20: 12 | W20: 13 | X20: 14 | Y20: 15 | Z20: 16 | AA20: 17 | AB20: 18 | AC20: 19 | AD20: 20 | AE20: 21 | AF20: 22 | AG20: 23 | AH20: 24 | AI20: 25 | AJ20: 26 | AK20: 27 | AL20: 28 | AM20: 29 | AN20: 30 | AO20: 31
A21: 20 | B21: 03 B:4 B:4 Putri | C21: 1 | F21: =IF(D21="","Vacant","Inhouse") -> Vacant | H21: =G21*$G$127 -> 0 | K21: 1 | L21: 2 | M21: 3 | N21: 4 | O21: 5 | P21: 6 | Q21: 7 | R21: 8 | S21: 9 | T21: 10 | U21: 11 | V21: 12 | W21: 13 | X21: 14 | Y21: 15 | Z21: 16 | AA21: 17 | AB21: 18 | AC21: 19 | AD21: 20 | AE21: 21 | AF21: 22 | AG21: 23 | AH21: 24 | AI21: 25 | AJ21: 26 | AK21: 27 | AL21: 28 | AM21: 29 | AN21: 30 | AO21: 31
A22: 21 | C22: 2 | F22: =IF(D22="","Vacant","Inhouse") -> Vacant | H22: =G22*$G$127 -> 0 | K22: 1 | L22: 2 | M22: 3 | N22: 4 | O22: 5 | P22: 6 | Q22: 7 | R22: 8 | S22: 9 | T22: 10 | U22: 11 | V22: 12 | W22: 13 | X22: 14 | Y22: 15 | Z22: 16 | AA22: 17 | AB22: 18 | AC22: 19 | AD22: 20 | AE22: 21 | AF22: 22 | AG22: 23 | AH22: 24 | AI22: 25 | AJ22: 26 | AK22: 27 | AL22: 28 | AM22: 29 | AN22: 30 | AO22: 31
A23: 22 | C23: 3 | F23: =IF(D23="","Vacant","Inhouse") -> Vacant | H23: =G23*$G$127 -> 0 | K23: 1 | L23: 2 | M23: 3 | N23: 4 | O23: 5 | P23: 6 | Q23: 7 | R23: 8 | S23: 9 | T23: 10 | U23: 11 | V23: 12 | W23: 13 | X23: 14 | Y23: 15 | Z23: 16 | AA23: 17 | AB23: 18 | AC23: 19 | AD23: 20 | AE23: 21 | AF23: 22 | AG23: 23 | AH23: 24 | AI23: 25 | AJ23: 26 | AK23: 27 | AL23: 28 | AM23: 29 | AN23: 30 | AO23: 31
A24: 23 | C24: 4 | F24: =IF(D24="","Vacant","Inhouse") -> Vacant | H24: =G24*$G$127 -> 0 | K24: 1 | L24: 2 | M24: 3 | N24: 4 | O24: 5 | P24: 6 | Q24: 7 | R24: 8 | S24: 9 | T24: 10 | U24: 11 | V24: 12 | W24: 13 | X24: 14 | Y24: 15 | Z24: 16 | AA24: 17 | AB24: 18 | AC24: 19 | AD24: 20 | AE24: 21 | AF24: 22 | AG24: 23 | AH24: 24 | AI24: 25 | AJ24: 26 | AK24: 27 | AL24: 28 | AM24: 29 | AN24: 30 | AO24: 31
A25: 24 | C25: 5 | F25: =IF(D25="","Vacant","Inhouse") -> Vacant | H25: =G25*$G$127 -> 0 | K25: 1 | L25: 2 | M25: 3 | N25: 4 | O25: 5 | P25: 6 | Q25: 7 | R25: 8 | S25: 9 | T25: 10 | U25: 11 | V25: 12 | W25: 13 | X25: 14 | Y25: 15 | Z25: 16 | AA25: 17 | AB25: 18 | AC25: 19 | AD25: 20 | AE25: 21 | AF25: 22 | AG25: 23 | AH25: 24 | AI25: 25 | AJ25: 26 | AK25: 27 | AL25: 28 | AM25: 29 | AN25: 30 | AO25: 31
A26: 25 | C26: 6 | F26: =IF(D26="","Vacant","Inhouse") -> Vacant | H26: =G26*$G$127 -> 0 | K26: 1 | L26: 2 | M26: 3 | N26: 4 | O26: 5 | P26: 6 | Q26: 7 | R26: 8 | S26: 9 | T26: 10 | U26: 11 | V26: 12 | W26: 13 | X26: 14 | Y26: 15 | Z26: 16 | AA26: 17 | AB26: 18 | AC26: 19 | AD26: 20 | AE26: 21 | AF26: 22 | AG26: 23 | AH26: 24 | AI26: 25 | AJ26: 26 | AK26: 27 | AL26: 28 | AM26: 29 | AN26: 30 | AO26: 31
A27: 26 | C27: 7 | F27: =IF(D27="","Vacant","Inhouse") -> Vacant | H27: =G27*$G$127 -> 0 | K27: 1 | L27: 2 | M27: 3 | N27: 4 | O27: 5 | P27: 6 | Q27: 7 | R27: 8 | S27: 9 | T27: 10 | U27: 11 | V27: 12 | W27: 13 | X27: 14 | Y27: 15 | Z27: 16 | AA27: 17 | AB27: 18 | AC27: 19 | AD27: 20 | AE27: 21 | AF27: 22 | AG27: 23 | AH27: 24 | AI27: 25 | AJ27: 26 | AK27: 27 | AL27: 28 | AM27: 29 | AN27: 30 | AO27: 31
A28: 27 | C28: 8 | F28: =IF(D28="","Vacant","Inhouse") -> Vacant | H28: =G28*$G$127 -> 0 | K28: 1 | L28: 2 | M28: 3 | N28: 4 | O28: 5 | P28: 6 | Q28: 7 | R28: 8 | S28: 9 | T28: 10 | U28: 11 | V28: 12 | W28: 13 | X28: 14 | Y28: 15 | Z28: 16 | AA28: 17 | AB28: 18 | AC28: 19 | AD28: 20 | AE28: 21 | AF28: 22 | AG28: 23 | AH28: 24 | AI28: 25 | AJ28: 26 | AK28: 27 | AL28: 28 | AM28: 29 | AN28: 30 | AO28: 31
A29: 28 | B29: 04 B:3 A:4 Putra | C29: 1 | F29: =IF(D29="","Vacant","Inhouse") -> Vacant | H29: =G29*$G$127 -> 0 | K29: 1 | L29: 2 | M29: 3 | N29: 4 | O29: 5 | P29: 6 | Q29: 7 | R29: 8 | S29: 9 | T29: 10 | U29: 11 | V29: 12 | W29: 13 | X29: 14 | Y29: 15 | Z29: 16 | AA29: 17 | AB29: 18 | AC29: 19 | AD29: 20 | AE29: 21 | AF29: 22 | AG29: 23 | AH29: 24 | AI29: 25 | AJ29: 26 | AK29: 27 | AL29: 28 | AM29: 29 | AN29: 30 | AO29: 31
A30: 29 | C30: 2 | F30: =IF(D30="","Vacant","Inhouse") -> Vacant | H30: =G30*$G$127 -> 0 | K30: 1 | L30: 2 | M30: 3 | N30: 4 | O30: 5 | P30: 6 | Q30: 7 | R30: 8 | S30: 9 | T30: 10 | U30: 11 | V30: 12 | W30: 13 | X30: 14 | Y30: 15 | Z30: 16 | AA30: 17 | AB30: 18 | AC30: 19 | AD30: 20 | AE30: 21 | AF30: 22 | AG30: 23 | AH30: 24 | AI30: 25 | AJ30: 26 | AK30: 27 | AL30: 28 | AM30: 29 | AN30: 30 | AO30: 31
A31: 30 | C31: 3 | F31: =IF(D31="","Vacant","Inhouse") -> Vacant | H31: =G31*$G$127 -> 0 | K31: 1 | L31: 2 | M31: 3 | N31: 4 | O31: 5 | P31: 6 | Q31: 7 | R31: 8 | S31: 9 | T31: 10 | U31: 11 | V31: 12 | W31: 13 | X31: 14 | Y31: 15 | Z31: 16 | AA31: 17 | AB31: 18 | AC31: 19 | AD31: 20 | AE31: 21 | AF31: 22 | AG31: 23 | AH31: 24 | AI31: 25 | AJ31: 26 | AK31: 27 | AL31: 28 | AM31: 29 | AN31: 30 | AO31: 31
A32: 31 | C32: 4 | F32: =IF(D32="","Vacant","Inhouse") -> Vacant | H32: =G32*$G$127 -> 0 | K32: 1 | L32: 2 | M32: 3 | N32: 4 | O32: 5 | P32: 6 | Q32: 7 | R32: 8 | S32: 9 | T32: 10 | U32: 11 | V32: 12 | W32: 13 | X32: 14 | Y32: 15 | Z32: 16 | AA32: 17 | AB32: 18 | AC32: 19 | AD32: 20 | AE32: 21 | AF32: 22 | AG32: 23 | AH32: 24 | AI32: 25 | AJ32: 26 | AK32: 27 | AL32: 28 | AM32: 29 | AN32: 30 | AO32: 31
A33: 32 | C33: 5 | F33: =IF(D33="","Vacant","Inhouse") -> Vacant | H33: =G33*$G$127 -> 0 | K33: 1 | L33: 2 | M33: 3 | N33: 4 | O33: 5 | P33: 6 | Q33: 7 | R33: 8 | S33: 9 | T33: 10 | U33: 11 | V33: 12 | W33: 13 | X33: 14 | Y33: 15 | Z33: 16 | AA33: 17 | AB33: 18 | AC33: 19 | AD33: 20 | AE33: 21 | AF33: 22 | AG33: 23 | AH33: 24 | AI33: 25 | AJ33: 26 | AK33: 27 | AL33: 28 | AM33: 29 | AN33: 30 | AO33: 31
A34: 33 | C34: 6 | F34: =IF(D34="","Vacant","Inhouse") -> Vacant | H34: =G34*$G$127 -> 0 | K34: 1 | L34: 2 | M34: 3 | N34: 4 | O34: 5 | P34: 6 | Q34: 7 | R34: 8 | S34: 9 | T34: 10 | U34: 11 | V34: 12 | W34: 13 | X34: 14 | Y34: 15 | Z34: 16 | AA34: 17 | AB34: 18 | AC34: 19 | AD34: 20 | AE34: 21 | AF34: 22 | AG34: 23 | AH34: 24 | AI34: 25 | AJ34: 26 | AK34: 27 | AL34: 28 | AM34: 29 | AN34: 30 | AO34: 31
A35: 34 | C35: 7 | F35: =IF(D35="","Vacant","Inhouse") -> Vacant | H35: =G35*$G$127 -> 0 | K35: 1 | L35: 2 | M35: 3 | N35: 4 | O35: 5 | P35: 6 | Q35: 7 | R35: 8 | S35: 9 | T35: 10 | U35: 11 | V35: 12 | W35: 13 | X35: 14 | Y35: 15 | Z35: 16 | AA35: 17 | AB35: 18 | AC35: 19 | AD35: 20 | AE35: 21 | AF35: 22 | AG35: 23 | AH35: 24 | AI35: 25 | AJ35: 26 | AK35: 27 | AL35: 28 | AM35: 29 | AN35: 30 | AO35: 31
A36: 35 | B36: 06 B-3 A-4 Putra | C36: 1 | F36: =IF(D36="","Vacant","Inhouse") -> Vacant | H36: =G36*$G$127 -> 0 | K36: 1 | L36: 2 | M36: 3 | N36: 4 | O36: 5 | P36: 6 | Q36: 7 | R36: 8 | S36: 9 | T36: 10 | U36: 11 | V36: 12 | W36: 13 | X36: 14 | Y36: 15 | Z36: 16 | AA36: 17 | AB36: 18 | AC36: 19 | AD36: 20 | AE36: 21 | AF36: 22 | AG36: 23 | AH36: 24 | AI36: 25 | AJ36: 26 | AK36: 27 | AL36: 28 | AM36: 29 | AN36: 30 | AO36: 31
A37: 36 | C37: 2 | F37: =IF(D37="","Vacant","Inhouse") -> Vacant | H37: =G37*$G$127 -> 0 | K37: 1 | L37: 2 | M37: 3 | N37: 4 | O37: 5 | P37: 6 | Q37: 7 | R37: 8 | S37: 9 | T37: 10 | U37: 11 | V37: 12 | W37: 13 | X37: 14 | Y37: 15 | Z37: 16 | AA37: 17 | AB37: 18 | AC37: 19 | AD37: 20 | AE37: 21 | AF37: 22 | AG37: 23 | AH37: 24 | AI37: 25 | AJ37: 26 | AK37: 27 | AL37: 28 | AM37: 29 | AN37: 30 | AO37: 31
A38: 37 | C38: 3 | F38: =IF(D38="","Vacant","Inhouse") -> Vacant | H38: =G38*$G$127 -> 0 | K38: 1 | L38: 2 | M38: 3 | N38: 4 | O38: 5 | P38: 6 | Q38: 7 | R38: 8 | S38: 9 | T38: 10 | U38: 11 | V38: 12 | W38: 13 | X38: 14 | Y38: 15 | Z38: 16 | AA38: 17 | AB38: 18 | AC38: 19 | AD38: 20 | AE38: 21 | AF38: 22 | AG38: 23 | AH38: 24 | AI38: 25 | AJ38: 26 | AK38: 27 | AL38: 28 | AM38: 29 | AN38: 30 | AO38: 31
A39: 38 | C39: 4 | F39: =IF(D39="","Vacant","Inhouse") -> Vacant | H39: =G39*$G$127 -> 0 | K39: 1 | L39: 2 | M39: 3 | N39: 4 | O39: 5 | P39: 6 | Q39: 7 | R39: 8 | S39: 9 | T39: 10 | U39: 11 | V39: 12 | W39: 13 | X39: 14 | Y39: 15 | Z39: 16 | AA39: 17 | AB39: 18 | AC39: 19 | AD39: 20 | AE39: 21 | AF39: 22 | AG39: 23 | AH39: 24 | AI39: 25 | AJ39: 26 | AK39: 27 | AL39: 28 | AM39: 29 | AN39: 30 | AO39: 31
A40: 39 | C40: 5 | F40: =IF(D40="","Vacant","Inhouse") -> Vacant | H40: =G40*$G$127 -> 0 | K40: 1 | L40: 2 | M40: 3 | N40: 4 | O40: 5 | P40: 6 | Q40: 7 | R40: 8 | S40: 9 | T40: 10 | U40: 11 | V40: 12 | W40: 13 | X40: 14 | Y40: 15 | Z40: 16 | AA40: 17 | AB40: 18 | AC40: 19 | AD40: 20 | AE40: 21 | AF40: 22 | AG40: 23 | AH40: 24 | AI40: 25 | AJ40: 26 | AK40: 27 | AL40: 28 | AM40: 29 | AN40: 30 | AO40: 31
A41: 40 | C41: 6 | F41: =IF(D41="","Vacant","Inhouse") -> Vacant | H41: =G41*$G$127 -> 0 | K41: 1 | L41: 2 | M41: 3 | N41: 4 | O41: 5 | P41: 6 | Q41: 7 | R41: 8 | S41: 9 | T41: 10 | U41: 11 | V41: 12 | W41: 13 | X41: 14 | Y41: 15 | Z41: 16 | AA41: 17 | AB41: 18 | AC41: 19 | AD41: 20 | AE41: 21 | AF41: 22 | AG41: 23 | AH41: 24 | AI41: 25 | AJ41: 26 | AK41: 27 | AL41: 28 | AM41: 29 | AN41: 30 | AO41: 31
A42: 41 | C42: 7 | F42: =IF(D42="","Vacant","Inhouse") -> Vacant | H42: =G42*$G$127 -> 0 | K42: 1 | L42: 2 | M42: 3 | N42: 4 | O42: 5 | P42: 6 | Q42: 7 | R42: 8 | S42: 9 | T42: 10 | U42: 11 | V42: 12 | W42: 13 | X42: 14 | Y42: 15 | Z42: 16 | AA42: 17 | AB42: 18 | AC42: 19 | AD42: 20 | AE42: 21 | AF42: 22 | AG42: 23 | AH42: 24 | AI42: 25 | AJ42: 26 | AK42: 27 | AL42: 28 | AM42: 29 | AN42: 30 | AO42: 31
A43: 42 | B43: 07 B-3 A-4 Putra | C43: 1 | F43: =IF(D43="","Vacant","Inhouse") -> Vacant | H43: =G43*$G$127 -> 0 | K43: 1 | L43: 2 | M43: 3 | N43: 4 | O43: 5 | P43: 6 | Q43: 7 | R43: 8 | S43: 9 | T43: 10 | U43: 11 | V43: 12 | W43: 13 | X43: 14 | Y43: 15 | Z43: 16 | AA43: 17 | AB43: 18 | AC43: 19 | AD43: 20 | AE43: 21 | AF43: 22 | AG43: 23 | AH43: 24 | AI43: 25 | AJ43: 26 | AK43: 27 | AL43: 28 | AM43: 29 | AN43: 30 | AO43: 31
A44: 43 | C44: 2 | F44: =IF(D44="","Vacant","Inhouse") -> Vacant | H44: =G44*$G$127 -> 0 | K44: 1 | L44: 2 | M44: 3 | N44: 4 | O44: 5 | P44: 6 | Q44: 7 | R44: 8 | S44: 9 | T44: 10 | U44: 11 | V44: 12 | W44: 13 | X44: 14 | Y44: 15 | Z44: 16 | AA44: 17 | AB44: 18 | AC44: 19 | AD44: 20 | AE44: 21 | AF44: 22 | AG44: 23 | AH44: 24 | AI44: 25 | AJ44: 26 | AK44: 27 | AL44: 28 | AM44: 29 | AN44: 30 | AO44: 31
A45: 44 | C45: 3 | F45: =IF(D45="","Vacant","Inhouse") -> Vacant | H45: =G45*$G$127 -> 0 | K45: 1 | L45: 2 | M45: 3 | N45: 4 | O45: 5 | P45: 6 | Q45: 7 | R45: 8 | S45: 9 | T45: 10 | U45: 11 | V45: 12 | W45: 13 | X45: 14 | Y45: 15 | Z45: 16 | AA45: 17 | AB45: 18 | AC45: 19 | AD45: 20 | AE45: 21 | AF45: 22 | AG45: 23 | AH45: 24 | AI45: 25 | AJ45: 26 | AK45: 27 | AL45: 28 | AM45: 29 | AN45: 30 | AO45: 31
A46: 45 | C46: 4 | F46: =IF(D46="","Vacant","Inhouse") -> Vacant | H46: =G46*$G$127 -> 0 | K46: 1 | L46: 2 | M46: 3 | N46: 4 | O46: 5 | P46: 6 | Q46: 7 | R46: 8 | S46: 9 | T46: 10 | U46: 11 | V46: 12 | W46: 13 | X46: 14 | Y46: 15 | Z46: 16 | AA46: 17 | AB46: 18 | AC46: 19 | AD46: 20 | AE46: 21 | AF46: 22 | AG46: 23 | AH46: 24 | AI46: 25 | AJ46: 26 | AK46: 27 | AL46: 28 | AM46: 29 | AN46: 30 | AO46: 31
A47: 46 | C47: 5 | F47: =IF(D47="","Vacant","Inhouse") -> Vacant | H47: =G47*$G$127 -> 0 | K47: 1 | L47: 2 | M47: 3 | N47: 4 | O47: 5 | P47: 6 | Q47: 7 | R47: 8 | S47: 9 | T47: 10 | U47: 11 | V47: 12 | W47: 13 | X47: 14 | Y47: 15 | Z47: 16 | AA47: 17 | AB47: 18 | AC47: 19 | AD47: 20 | AE47: 21 | AF47: 22 | AG47: 23 | AH47: 24 | AI47: 25 | AJ47: 26 | AK47: 27 | AL47: 28 | AM47: 29 | AN47: 30 | AO47: 31
A48: 47 | C48: 6 | F48: =IF(D48="","Vacant","Inhouse") -> Vacant | H48: =G48*$G$127 -> 0 | K48: 1 | L48: 2 | M48: 3 | N48: 4 | O48: 5 | P48: 6 | Q48: 7 | R48: 8 | S48: 9 | T48: 10 | U48: 11 | V48: 12 | W48: 13 | X48: 14 | Y48: 15 | Z48: 16 | AA48: 17 | AB48: 18 | AC48: 19 | AD48: 20 | AE48: 21 | AF48: 22 | AG48: 23 | AH48: 24 | AI48: 25 | AJ48: 26 | AK48: 27 | AL48: 28 | AM48: 29 | AN48: 30 | AO48: 31
A49: 48 | C49: 7 | F49: =IF(D49="","Vacant","Inhouse") -> Vacant | H49: =G49*$G$127 -> 0 | K49: 1 | L49: 2 | M49: 3 | N49: 4 | O49: 5 | P49: 6 | Q49: 7 | R49: 8 | S49: 9 | T49: 10 | U49: 11 | V49: 12 | W49: 13 | X49: 14 | Y49: 15 | Z49: 16 | AA49: 17 | AB49: 18 | AC49: 19 | AD49: 20 | AE49: 21 | AF49: 22 | AG49: 23 | AH49: 24 | AI49: 25 | AJ49: 26 | AK49: 27 | AL49: 28 | AM49: 29 | AN49: 30 | AO49: 31
A50: 49 | B50: 08 B-3 A-4 Putri | C50: 1 | F50: =IF(D50="","Vacant","Inhouse") -> Vacant | H50: =G50*$G$127 -> 0 | K50: 1 | L50: 2 | M50: 3 | N50: 4 | O50: 5 | P50: 6 | Q50: 7 | R50: 8 | S50: 9 | T50: 10 | U50: 11 | V50: 12 | W50: 13 | X50: 14 | Y50: 15 | Z50: 16 | AA50: 17 | AB50: 18 | AC50: 19 | AD50: 20 | AE50: 21 | AF50: 22 | AG50: 23 | AH50: 24 | AI50: 25 | AJ50: 26 | AK50: 27 | AL50: 28 | AM50: 29 | AN50: 30 | AO50: 31
A51: 50 | C51: 2 | F51: =IF(D51="","Vacant","Inhouse") -> Vacant | H51: =G51*$G$127 -> 0 | K51: 1 | L51: 2 | M51: 3 | N51: 4 | O51: 5 | P51: 6 | Q51: 7 | R51: 8 | S51: 9 | T51: 10 | U51: 11 | V51: 12 | W51: 13 | X51: 14 | Y51: 15 | Z51: 16 | AA51: 17 | AB51: 18 | AC51: 19 | AD51: 20 | AE51: 21 | AF51: 22 | AG51: 23 | AH51: 24 | AI51: 25 | AJ51: 26 | AK51: 27 | AL51: 28 | AM51: 29 | AN51: 30 | AO51: 31
A52: 51 | C52: 3 | F52: =IF(D52="","Vacant","Inhouse") -> Vacant | H52: =G52*$G$127 -> 0 | K52: 1 | L52: 2 | M52: 3 | N52: 4 | O52: 5 | P52: 6 | Q52: 7 | R52: 8 | S52: 9 | T52: 10 | U52: 11 | V52: 12 | W52: 13 | X52: 14 | Y52: 15 | Z52: 16 | AA52: 17 | AB52: 18 | AC52: 19 | AD52: 20 | AE52: 21 | AF52: 22 | AG52: 23 | AH52: 24 | AI52: 25 | AJ52: 26 | AK52: 27 | AL52: 28 | AM52: 29 | AN52: 30 | AO52: 31
A53: 52 | C53: 4 | F53: =IF(D53="","Vacant","Inhouse") -> Vacant | H53: =G53*$G$127 -> 0 | K53: 1 | L53: 2 | M53: 3 | N53: 4 | O53: 5 | P53: 6 | Q53: 7 | R53: 8 | S53: 9 | T53: 10 | U53: 11 | V53: 12 | W53: 13 | X53: 14 | Y53: 15 | Z53: 16 | AA53: 17 | AB53: 18 | AC53: 19 | AD53: 20 | AE53: 21 | AF53: 22 | AG53: 23 | AH53: 24 | AI53: 25 | AJ53: 26 | AK53: 27 | AL53: 28 | AM53: 29 | AN53: 30 | AO53: 31
A54: 53 | C54: 5 | F54: =IF(D54="","Vacant","Inhouse") -> Vacant | H54: =G54*$G$127 -> 0 | K54: 1 | L54: 2 | M54: 3 | N54: 4 | O54: 5 | P54: 6 | Q54: 7 | R54: 8 | S54: 9 | T54: 10 | U54: 11 | V54: 12 | W54: 13 | X54: 14 | Y54: 15 | Z54: 16 | AA54: 17 | AB54: 18 | AC54: 19 | AD54: 20 | AE54: 21 | AF54: 22 | AG54: 23 | AH54: 24 | AI54: 25 | AJ54: 26 | AK54: 27 | AL54: 28 | AM54: 29 | AN54: 30 | AO54: 31
A55: 54 | C55: 6 | F55: =IF(D55="","Vacant","Inhouse") -> Vacant | H55: =G55*$G$127 -> 0 | K55: 1 | L55: 2 | M55: 3 | N55: 4 | O55: 5 | P55: 6 | Q55: 7 | R55: 8 | S55: 9 | T55: 10 | U55: 11 | V55: 12 | W55: 13 | X55: 14 | Y55: 15 | Z55: 16 | AA55: 17 | AB55: 18 | AC55: 19 | AD55: 20 | AE55: 21 | AF55: 22 | AG55: 23 | AH55: 24 | AI55: 25 | AJ55: 26 | AK55: 27 | AL55: 28 | AM55: 29 | AN55: 30 | AO55: 31
A56: 55 | C56: 7 | F56: =IF(D56="","Vacant","Inhouse") -> Vacant | H56: =G56*$G$127 -> 0 | K56: 1 | L56: 2 | M56: 3 | N56: 4 | O56: 5 | P56: 6 | Q56: 7 | R56: 8 | S56: 9 | T56: 10 | U56: 11 | V56: 12 | W56: 13 | X56: 14 | Y56: 15 | Z56: 16 | AA56: 17 | AB56: 18 | AC56: 19 | AD56: 20 | AE56: 21 | AF56: 22 | AG56: 23 | AH56: 24 | AI56: 25 | AJ56: 26 | AK56: 27 | AL56: 28 | AM56: 29 | AN56: 30 | AO56: 31
A57: 56 | B57: 09 B-3 A-3 Putri | C57: 1 | F57: =IF(D57="","Vacant","Inhouse") -> Vacant | H57: =G57*$G$127 -> 0 | K57: 1 | L57: 2 | M57: 3 | N57: 4 | O57: 5 | P57: 6 | Q57: 7 | R57: 8 | S57: 9 | T57: 10 | U57: 11 | V57: 12 | W57: 13 | X57: 14 | Y57: 15 | Z57: 16 | AA57: 17 | AB57: 18 | AC57: 19 | AD57: 20 | AE57: 21 | AF57: 22 | AG57: 23 | AH57: 24 | AI57: 25 | AJ57: 26 | AK57: 27 | AL57: 28 | AM57: 29 | AN57: 30 | AO57: 31
A58: 57 | C58: 2 | F58: =IF(D58="","Vacant","Inhouse") -> Vacant | H58: =G58*$G$127 -> 0 | K58: 1 | L58: 2 | M58: 3 | N58: 4 | O58: 5 | P58: 6 | Q58: 7 | R58: 8 | S58: 9 | T58: 10 | U58: 11 | V58: 12 | W58: 13 | X58: 14 | Y58: 15 | Z58: 16 | AA58: 17 | AB58: 18 | AC58: 19 | AD58: 20 | AE58: 21 | AF58: 22 | AG58: 23 | AH58: 24 | AI58: 25 | AJ58: 26 | AK58: 27 | AL58: 28 | AM58: 29 | AN58: 30 | AO58: 31
A59: 58 | C59: 3 | F59: =IF(D59="","Vacant","Inhouse") -> Vacant | H59: =G59*$G$127 -> 0 | K59: 1 | L59: 2 | M59: 3 | N59: 4 | O59: 5 | P59: 6 | Q59: 7 | R59: 8 | S59: 9 | T59: 10 | U59: 11 | V59: 12 | W59: 13 | X59: 14 | Y59: 15 | Z59: 16 | AA59: 17 | AB59: 18 | AC59: 19 | AD59: 20 | AE59: 21 | AF59: 22 | AG59: 23 | AH59: 24 | AI59: 25 | AJ59: 26 | AK59: 27 | AL59: 28 | AM59: 29 | AN59: 30 | AO59: 31
A60: 59 | C60: 4 | F60: =IF(D60="","Vacant","Inhouse") -> Vacant | H60: =G60*$G$127 -> 0 | K60: 1 | L60: 2 | M60: 3 | N60: 4 | O60: 5 | P60: 6 | Q60: 7 | R60: 8 | S60: 9 | T60: 10 | U60: 11 | V60: 12 | W60: 13 | X60: 14 | Y60: 15 | Z60: 16 | AA60: 17 | AB60: 18 | AC60: 19 | AD60: 20 | AE60: 21 | AF60: 22 | AG60: 23 | AH60: 24 | AI60: 25 | AJ60: 26 | AK60: 27 | AL60: 28 | AM60: 29 | AN60: 30 | AO60: 31
A61: 60 | C61: 5 | F61: =IF(D61="","Vacant","Inhouse") -> Vacant | H61: =G61*$G$127 -> 0 | K61: 1 | L61: 2 | M61: 3 | N61: 4 | O61: 5 | P61: 6 | Q61: 7 | R61: 8 | S61: 9 | T61: 10 | U61: 11 | V61: 12 | W61: 13 | X61: 14 | Y61: 15 | Z61: 16 | AA61: 17 | AB61: 18 | AC61: 19 | AD61: 20 | AE61: 21 | AF61: 22 | AG61: 23 | AH61: 24 | AI61: 25 | AJ61: 26 | AK61: 27 | AL61: 28 | AM61: 29 | AN61: 30 | AO61: 31
A62: 61 | C62: 6 | F62: =IF(D62="","Vacant","Inhouse") -> Vacant | H62: =G62*$G$127 -> 0 | K62: 1 | L62: 2 | M62: 3 | N62: 4 | O62: 5 | P62: 6 | Q62: 7 | R62: 8 | S62: 9 | T62: 10 | U62: 11 | V62: 12 | W62: 13 | X62: 14 | Y62: 15 | Z62: 16 | AA62: 17 | AB62: 18 | AC62: 19 | AD62: 20 | AE62: 21 | AF62: 22 | AG62: 23 | AH62: 24 | AI62: 25 | AJ62: 26 | AK62: 27 | AL62: 28 | AM62: 29 | AN62: 30 | AO62: 31
A63: 62 | B63: 10 B-4 A-4 Putra | C63: 1 | F63: =IF(D63="","Vacant","Inhouse") -> Vacant | H63: =G63*$G$127 -> 0 | K63: 1 | L63: 2 | M63: 3 | N63: 4 | O63: 5 | P63: 6 | Q63: 7 | R63: 8 | S63: 9 | T63: 10 | U63: 11 | V63: 12 | W63: 13 | X63: 14 | Y63: 15 | Z63: 16 | AA63: 17 | AB63: 18 | AC63: 19 | AD63: 20 | AE63: 21 | AF63: 22 | AG63: 23 | AH63: 24 | AI63: 25 | AJ63: 26 | AK63: 27 | AL63: 28 | AM63: 29 | AN63: 30 | AO63: 31
A64: 63 | C64: 2 | F64: =IF(D64="","Vacant","Inhouse") -> Vacant | H64: =G64*$G$127 -> 0 | K64: 1 | L64: 2 | M64: 3 | N64: 4 | O64: 5 | P64: 6 | Q64: 7 | R64: 8 | S64: 9 | T64: 10 | U64: 11 | V64: 12 | W64: 13 | X64: 14 | Y64: 15 | Z64: 16 | AA64: 17 | AB64: 18 | AC64: 19 | AD64: 20 | AE64: 21 | AF64: 22 | AG64: 23 | AH64: 24 | AI64: 25 | AJ64: 26 | AK64: 27 | AL64: 28 | AM64: 29 | AN64: 30 | AO64: 31
A65: 64 | C65: 3 | F65: =IF(D65="","Vacant","Inhouse") -> Vacant | H65: =G65*$G$127 -> 0 | K65: 1 | L65: 2 | M65: 3 | N65: 4 | O65: 5 | P65: 6 | Q65: 7 | R65: 8 | S65: 9 | T65: 10 | U65: 11 | V65: 12 | W65: 13 | X65: 14 | Y65: 15 | Z65: 16 | AA65: 17 | AB65: 18 | AC65: 19 | AD65: 20 | AE65: 21 | AF65: 22 | AG65: 23 | AH65: 24 | AI65: 25 | AJ65: 26 | AK65: 27 | AL65: 28 | AM65: 29 | AN65: 30 | AO65: 31
A66: 65 | C66: 4 | F66: =IF(D66="","Vacant","Inhouse") -> Vacant | H66: =G66*$G$127 -> 0 | K66: 1 | L66: 2 | M66: 3 | N66: 4 | O66: 5 | P66: 6 | Q66: 7 | R66: 8 | S66: 9 | T66: 10 | U66: 11 | V66: 12 | W66: 13 | X66: 14 | Y66: 15 | Z66: 16 | AA66: 17 | AB66: 18 | AC66: 19 | AD66: 20 | AE66: 21 | AF66: 22 | AG66: 23 | AH66: 24 | AI66: 25 | AJ66: 26 | AK66: 27 | AL66: 28 | AM66: 29 | AN66: 30 | AO66: 31
A67: 66 | C67: 5 | F67: =IF(D67="","Vacant","Inhouse") -> Vacant | H67: =G67*$G$127 -> 0 | K67: 1 | L67: 2 | M67: 3 | N67: 4 | O67: 5 | P67: 6 | Q67: 7 | R67: 8 | S67: 9 | T67: 10 | U67: 11 | V67: 12 | W67: 13 | X67: 14 | Y67: 15 | Z67: 16 | AA67: 17 | AB67: 18 | AC67: 19 | AD67: 20 | AE67: 21 | AF67: 22 | AG67: 23 | AH67: 24 | AI67: 25 | AJ67: 26 | AK67: 27 | AL67: 28 | AM67: 29 | AN67: 30 | AO67: 31
A68: 67 | C68: 6 | F68: =IF(D68="","Vacant","Inhouse") -> Vacant | H68: =G68*$G$127 -> 0 | K68: 1 | L68: 2 | M68: 3 | N68: 4 | O68: 5 | P68: 6 | Q68: 7 | R68: 8 | S68: 9 | T68: 10 | U68: 11 | V68: 12 | W68: 13 | X68: 14 | Y68: 15 | Z68: 16 | AA68: 17 | AB68: 18 | AC68: 19 | AD68: 20 | AE68: 21 | AF68: 22 | AG68: 23 | AH68: 24 | AI68: 25 | AJ68: 26 | AK68: 27 | AL68: 28 | AM68: 29 | AN68: 30 | AO68: 31
A69: 68 | C69: 7 | F69: =IF(D69="","Vacant","Inhouse") -> Vacant | H69: =G69*$G$127 -> 0 | K69: 1 | L69: 2 | M69: 3 | N69: 4 | O69: 5 | P69: 6 | Q69: 7 | R69: 8 | S69: 9 | T69: 10 | U69: 11 | V69: 12 | W69: 13 | X69: 14 | Y69: 15 | Z69: 16 | AA69: 17 | AB69: 18 | AC69: 19 | AD69: 20 | AE69: 21 | AF69: 22 | AG69: 23 | AH69: 24 | AI69: 25 | AJ69: 26 | AK69: 27 | AL69: 28 | AM69: 29 | AN69: 30 | AO69: 31
A70: 69 | C70: 8 | F70: =IF(D70="","Vacant","Inhouse") -> Vacant | H70: =G70*$G$127 -> 0 | K70: 1 | L70: 2 | M70: 3 | N70: 4 | O70: 5 | P70: 6 | Q70: 7 | R70: 8 | S70: 9 | T70: 10 | U70: 11 | V70: 12 | W70: 13 | X70: 14 | Y70: 15 | Z70: 16 | AA70: 17 | AB70: 18 | AC70: 19 | AD70: 20 | AE70: 21 | AF70: 22 | AG70: 23 | AH70: 24 | AI70: 25 | AJ70: 26 | AK70: 27 | AL70: 28 | AM70: 29 | AN70: 30 | AO70: 31
A71: 70 | B71: 11 B-3 A-4 Putra | C71: 1 | F71: =IF(D71="","Vacant","Inhouse") -> Vacant | H71: =G71*$G$127 -> 0 | K71: 1 | L71: 2 | M71: 3 | N71: 4 | O71: 5 | P71: 6 | Q71: 7 | R71: 8 | S71: 9 | T71: 10 | U71: 11 | V71: 12 | W71: 13 | X71: 14 | Y71: 15 | Z71: 16 | AA71: 17 | AB71: 18 | AC71: 19 | AD71: 20 | AE71: 21 | AF71: 22 | AG71: 23 | AH71: 24 | AI71: 25 | AJ71: 26 | AK71: 27 | AL71: 28 | AM71: 29 | AN71: 30 | AO71: 31
A72: 71 | C72: 2 | F72: =IF(D72="","Vacant","Inhouse") -> Vacant | H72: =G72*$G$127 -> 0 | K72: 1 | L72: 2 | M72: 3 | N72: 4 | O72: 5 | P72: 6 | Q72: 7 | R72: 8 | S72: 9 | T72: 10 | U72: 11 | V72: 12 | W72: 13 | X72: 14 | Y72: 15 | Z72: 16 | AA72: 17 | AB72: 18 | AC72: 19 | AD72: 20 | AE72: 21 | AF72: 22 | AG72: 23 | AH72: 24 | AI72: 25 | AJ72: 26 | AK72: 27 | AL72: 28 | AM72: 29 | AN72: 30 | AO72: 31
A73: 72 | C73: 3 | F73: =IF(D73="","Vacant","Inhouse") -> Vacant | H73: =G73*$G$127 -> 0 | K73: 1 | L73: 2 | M73: 3 | N73: 4 | O73: 5 | P73: 6 | Q73: 7 | R73: 8 | S73: 9 | T73: 10 | U73: 11 | V73: 12 | W73: 13 | X73: 14 | Y73: 15 | Z73: 16 | AA73: 17 | AB73: 18 | AC73: 19 | AD73: 20 | AE73: 21 | AF73: 22 | AG73: 23 | AH73: 24 | AI73: 25 | AJ73: 26 | AK73: 27 | AL73: 28 | AM73: 29 | AN73: 30 | AO73: 31
A74: 73 | C74: 4 | F74: =IF(D74="","Vacant","Inhouse") -> Vacant | H74: =G74*$G$127 -> 0 | K74: 1 | L74: 2 | M74: 3 | N74: 4 | O74: 5 | P74: 6 | Q74: 7 | R74: 8 | S74: 9 | T74: 10 | U74: 11 | V74: 12 | W74: 13 | X74: 14 | Y74: 15 | Z74: 16 | AA74: 17 | AB74: 18 | AC74: 19 | AD74: 20 | AE74: 21 | AF74: 22 | AG74: 23 | AH74: 24 | AI74: 25 | AJ74: 26 | AK74: 27 | AL74: 28 | AM74: 29 | AN74: 30 | AO74: 31
A75: 74 | C75: 5 | F75: =IF(D75="","Vacant","Inhouse") -> Vacant | H75: =G75*$G$127 -> 0 | K75: 1 | L75: 2 | M75: 3 | N75: 4 | O75: 5 | P75: 6 | Q75: 7 | R75: 8 | S75: 9 | T75: 10 | U75: 11 | V75: 12 | W75: 13 | X75: 14 | Y75: 15 | Z75: 16 | AA75: 17 | AB75: 18 | AC75: 19 | AD75: 20 | AE75: 21 | AF75: 22 | AG75: 23 | AH75: 24 | AI75: 25 | AJ75: 26 | AK75: 27 | AL75: 28 | AM75: 29 | AN75: 30 | AO75: 31
A76: 75 | C76: 6 | F76: =IF(D76="","Vacant","Inhouse") -> Vacant | H76: =G76*$G$127 -> 0 | K76: 1 | L76: 2 | M76: 3 | N76: 4 | O76: 5 | P76: 6 | Q76: 7 | R76: 8 | S76: 9 | T76: 10 | U76: 11 | V76: 12 | W76: 13 | X76: 14 | Y76: 15 | Z76: 16 | AA76: 17 | AB76: 18 | AC76: 19 | AD76: 20 | AE76: 21 | AF76: 22 | AG76: 23 | AH76: 24 | AI76: 25 | AJ76: 26 | AK76: 27 | AL76: 28 | AM76: 29 | AN76: 30 | AO76: 31
A77: 76 | C77: 7 | F77: =IF(D77="","Vacant","Inhouse") -> Vacant | H77: =G77*$G$127 -> 0 | K77: 1 | L77: 2 | M77: 3 | N77: 4 | O77: 5 | P77: 6 | Q77: 7 | R77: 8 | S77: 9 | T77: 10 | U77: 11 | V77: 12 | W77: 13 | X77: 14 | Y77: 15 | Z77: 16 | AA77: 17 | AB77: 18 | AC77: 19 | AD77: 20 | AE77: 21 | AF77: 22 | AG77: 23 | AH77: 24 | AI77: 25 | AJ77: 26 | AK77: 27 | AL77: 28 | AM77: 29 | AN77: 30 | AO77: 31
A78: 77 | B78: 12 B-3 A-4 Putra | C78: 1 | F78: =IF(D78="","Vacant","Inhouse") -> Vacant | H78: =G78*$G$127 -> 0 | K78: 1 | L78: 2 | M78: 3 | N78: 4 | O78: 5 | P78: 6 | Q78: 7 | R78: 8 | S78: 9 | T78: 10 | U78: 11 | V78: 12 | W78: 13 | X78: 14 | Y78: 15 | Z78: 16 | AA78: 17 | AB78: 18 | AC78: 19 | AD78: 20 | AE78: 21 | AF78: 22 | AG78: 23 | AH78: 24 | AI78: 25 | AJ78: 26 | AK78: 27 | AL78: 28 | AM78: 29 | AN78: 30 | AO78: 31
A79: 78 | C79: 2 | F79: =IF(D79="","Vacant","Inhouse") -> Vacant | H79: =G79*$G$127 -> 0 | K79: 1 | L79: 2 | M79: 3 | N79: 4 | O79: 5 | P79: 6 | Q79: 7 | R79: 8 | S79: 9 | T79: 10 | U79: 11 | V79: 12 | W79: 13 | X79: 14 | Y79: 15 | Z79: 16 | AA79: 17 | AB79: 18 | AC79: 19 | AD79: 20 | AE79: 21 | AF79: 22 | AG79: 23 | AH79: 24 | AI79: 25 | AJ79: 26 | AK79: 27 | AL79: 28 | AM79: 29 | AN79: 30 | AO79: 31
A80: 79 | C80: 3 | F80: =IF(D80="","Vacant","Inhouse") -> Vacant | H80: =G80*$G$127 -> 0 | K80: 1 | L80: 2 | M80: 3 | N80: 4 | O80: 5 | P80: 6 | Q80: 7 | R80: 8 | S80: 9 | T80: 10 | U80: 11 | V80: 12 | W80: 13 | X80: 14 | Y80: 15 | Z80: 16 | AA80: 17 | AB80: 18 | AC80: 19 | AD80: 20 | AE80: 21 | AF80: 22 | AG80: 23 | AH80: 24 | AI80: 25 | AJ80: 26 | AK80: 27 | AL80: 28 | AM80: 29 | AN80: 30 | AO80: 31
A81: 80 | C81: 4 | F81: =IF(D81="","Vacant","Inhouse") -> Vacant | H81: =G81*$G$127 -> 0 | K81: 1 | L81: 2 | M81: 3 | N81: 4 | O81: 5 | P81: 6 | Q81: 7 | R81: 8 | S81: 9 | T81: 10 | U81: 11 | V81: 12 | W81: 13 | X81: 14 | Y81: 15 | Z81: 16 | AA81: 17 | AB81: 18 | AC81: 19 | AD81: 20 | AE81: 21 | AF81: 22 | AG81: 23 | AH81: 24 | AI81: 25 | AJ81: 26 | AK81: 27 | AL81: 28 | AM81: 29 | AN81: 30 | AO81: 31
A82: 81 | C82: 5 | F82: =IF(D82="","Vacant","Inhouse") -> Vacant | H82: =G82*$G$127 -> 0 | K82: 1 | L82: 2 | M82: 3 | N82: 4 | O82: 5 | P82: 6 | Q82: 7 | R82: 8 | S82: 9 | T82: 10 | U82: 11 | V82: 12 | W82: 13 | X82: 14 | Y82: 15 | Z82: 16 | AA82: 17 | AB82: 18 | AC82: 19 | AD82: 20 | AE82: 21 | AF82: 22 | AG82: 23 | AH82: 24 | AI82: 25 | AJ82: 26 | AK82: 27 | AL82: 28 | AM82: 29 | AN82: 30 | AO82: 31
A83: 82 | C83: 6 | F83: =IF(D83="","Vacant","Inhouse") -> Vacant | H83: =G83*$G$127 -> 0 | K83: 1 | L83: 2 | M83: 3 | N83: 4 | O83: 5 | P83: 6 | Q83: 7 | R83: 8 | S83: 9 | T83: 10 | U83: 11 | V83: 12 | W83: 13 | X83: 14 | Y83: 15 | Z83: 16 | AA83: 17 | AB83: 18 | AC83: 19 | AD83: 20 | AE83: 21 | AF83: 22 | AG83: 23 | AH83: 24 | AI83: 25 | AJ83: 26 | AK83: 27 | AL83: 28 | AM83: 29 | AN83: 30 | AO83: 31
A84: 83 | C84: 7 | F84: =IF(D84="","Vacant","Inhouse") -> Vacant | H84: =G84*$G$127 -> 0 | K84: 1 | L84: 2 | M84: 3 | N84: 4 | O84: 5 | P84: 6 | Q84: 7 | R84: 8 | S84: 9 | T84: 10 | U84: 11 | V84: 12 | W84: 13 | X84: 14 | Y84: 15 | Z84: 16 | AA84: 17 | AB84: 18 | AC84: 19 | AD84: 20 | AE84: 21 | AF84: 22 | AG84: 23 | AH84: 24 | AI84: 25 | AJ84: 26 | AK84: 27 | AL84: 28 | AM84: 29 | AN84: 30 | AO84: 31
A85: 84 | B85: 13 B-5 A-6 Putri | C85: 1 | F85: =IF(D85="","Vacant","Inhouse") -> Vacant | H85: =G85*$G$127 -> 0 | K85: 1 | L85: 2 | M85: 3 | N85: 4 | O85: 5 | P85: 6 | Q85: 7 | R85: 8 | S85: 9 | T85: 10 | U85: 11 | V85: 12 | W85: 13 | X85: 14 | Y85: 15 | Z85: 16 | AA85: 17 | AB85: 18 | AC85: 19 | AD85: 20 | AE85: 21 | AF85: 22 | AG85: 23 | AH85: 24 | AI85: 25 | AJ85: 26 | AK85: 27 | AL85: 28 | AM85: 29 | AN85: 30 | AO85: 31
A86: 85 | C86: 2 | F86: =IF(D86="","Vacant","Inhouse") -> Vacant | H86: =G86*$G$127 -> 0 | K86: 1 | L86: 2 | M86: 3 | N86: 4 | O86: 5 | P86: 6 | Q86: 7 | R86: 8 | S86: 9 | T86: 10 | U86: 11 | V86: 12 | W86: 13 | X86: 14 | Y86: 15 | Z86: 16 | AA86: 17 | AB86: 18 | AC86: 19 | AD86: 20 | AE86: 21 | AF86: 22 | AG86: 23 | AH86: 24 | AI86: 25 | AJ86: 26 | AK86: 27 | AL86: 28 | AM86: 29 | AN86: 30 | AO86: 31
A87: 86 | C87: 3 | F87: =IF(D87="","Vacant","Inhouse") -> Vacant | H87: =G87*$G$127 -> 0 | K87: 1 | L87: 2 | M87: 3 | N87: 4 | O87: 5 | P87: 6 | Q87: 7 | R87: 8 | S87: 9 | T87: 10 | U87: 11 | V87: 12 | W87: 13 | X87: 14 | Y87: 15 | Z87: 16 | AA87: 17 | AB87: 18 | AC87: 19 | AD87: 20 | AE87: 21 | AF87: 22 | AG87: 23 | AH87: 24 | AI87: 25 | AJ87: 26 | AK87: 27 | AL87: 28 | AM87: 29 | AN87: 30 | AO87: 31
A88: 87 | C88: 4 | F88: =IF(D88="","Vacant","Inhouse") -> Vacant | H88: =G88*$G$127 -> 0 | K88: 1 | L88: 2 | M88: 3 | N88: 4 | O88: 5 | P88: 6 | Q88: 7 | R88: 8 | S88: 9 | T88: 10 | U88: 11 | V88: 12 | W88: 13 | X88: 14 | Y88: 15 | Z88: 16 | AA88: 17 | AB88: 18 | AC88: 19 | AD88: 20 | AE88: 21 | AF88: 22 | AG88: 23 | AH88: 24 | AI88: 25 | AJ88: 26 | AK88: 27 | AL88: 28 | AM88: 29 | AN88: 30 | AO88: 31
A89: 88 | C89: 5 | F89: =IF(D89="","Vacant","Inhouse") -> Vacant | H89: =G89*$G$127 -> 0 | K89: 1 | L89: 2 | M89: 3 | N89: 4 | O89: 5 | P89: 6 | Q89: 7 | R89: 8 | S89: 9 | T89: 10 | U89: 11 | V89: 12 | W89: 13 | X89: 14 | Y89: 15 | Z89: 16 | AA89: 17 | AB89: 18 | AC89: 19 | AD89: 20 | AE89: 21 | AF89: 22 | AG89: 23 | AH89: 24 | AI89: 25 | AJ89: 26 | AK89: 27 | AL89: 28 | AM89: 29 | AN89: 30 | AO89: 31
A90: 89 | C90: 6 | F90: =IF(D90="","Vacant","Inhouse") -> Vacant | H90: =G90*$G$127 -> 0 | K90: 1 | L90: 2 | M90: 3 | N90: 4 | O90: 5 | P90: 6 | Q90: 7 | R90: 8 | S90: 9 | T90: 10 | U90: 11 | V90: 12 | W90: 13 | X90: 14 | Y90: 15 | Z90: 16 | AA90: 17 | AB90: 18 | AC90: 19 | AD90: 20 | AE90: 21 | AF90: 22 | AG90: 23 | AH90: 24 | AI90: 25 | AJ90: 26 | AK90: 27 | AL90: 28 | AM90: 29 | AN90: 30 | AO90: 31
A91: 90 | C91: 7 | F91: =IF(D91="","Vacant","Inhouse") -> Vacant | H91: =G91*$G$127 -> 0 | K91: 1 | L91: 2 | M91: 3 | N91: 4 | O91: 5 | P91: 6 | Q91: 7 | R91: 8 | S91: 9 | T91: 10 | U91: 11 | V91: 12 | W91: 13 | X91: 14 | Y91: 15 | Z91: 16 | AA91: 17 | AB91: 18 | AC91: 19 | AD91: 20 | AE91: 21 | AF91: 22 | AG91: 23 | AH91: 24 | AI91: 25 | AJ91: 26 | AK91: 27 | AL91: 28 | AM91: 29 | AN91: 30 | AO91: 31
A92: 91 | C92: 8 | F92: =IF(D92="","Vacant","Inhouse") -> Vacant | H92: =G92*$G$127 -> 0 | K92: 1 | L92: 2 | M92: 3 | N92: 4 | O92: 5 | P92: 6 | Q92: 7 | R92: 8 | S92: 9 | T92: 10 | U92: 11 | V92: 12 | W92: 13 | X92: 14 | Y92: 15 | Z92: 16 | AA92: 17 | AB92: 18 | AC92: 19 | AD92: 20 | AE92: 21 | AF92: 22 | AG92: 23 | AH92: 24 | AI92: 25 | AJ92: 26 | AK92: 27 | AL92: 28 | AM92: 29 | AN92: 30 | AO92: 31
A93: 92 | C93: 9 | F93: =IF(D93="","Vacant","Inhouse") -> Vacant | H93: =G93*$G$127 -> 0 | K93: 1 | L93: 2 | M93: 3 | N93: 4 | O93: 5 | P93: 6 | Q93: 7 | R93: 8 | S93: 9 | T93: 10 | U93: 11 | V93: 12 | W93: 13 | X93: 14 | Y93: 15 | Z93: 16 | AA93: 17 | AB93: 18 | AC93: 19 | AD93: 20 | AE93: 21 | AF93: 22 | AG93: 23 | AH93: 24 | AI93: 25 | AJ93: 26 | AK93: 27 | AL93: 28 | AM93: 29 | AN93: 30 | AO93: 31
A94: 93 | C94: 10 | F94: =IF(D94="","Vacant","Inhouse") -> Vacant | H94: =G94*$G$127 -> 0 | K94: 1 | L94: 2 | M94: 3 | N94: 4 | O94: 5 | P94: 6 | Q94: 7 | R94: 8 | S94: 9 | T94: 10 | U94: 11 | V94: 12 | W94: 13 | X94: 14 | Y94: 15 | Z94: 16 | AA94: 17 | AB94: 18 | AC94: 19 | AD94: 20 | AE94: 21 | AF94: 22 | AG94: 23 | AH94: 24 | AI94: 25 | AJ94: 26 | AK94: 27 | AL94: 28 | AM94: 29 | AN94: 30 | AO94: 31
A95: 94 | C95: 11 | F95: =IF(D95="","Vacant","Inhouse") -> Vacant | H95: =G95*$G$127 -> 0 | K95: 1 | L95: 2 | M95: 3 | N95: 4 | O95: 5 | P95: 6 | Q95: 7 | R95: 8 | S95: 9 | T95: 10 | U95: 11 | V95: 12 | W95: 13 | X95: 14 | Y95: 15 | Z95: 16 | AA95: 17 | AB95: 18 | AC95: 19 | AD95: 20 | AE95: 21 | AF95: 22 | AG95: 23 | AH95: 24 | AI95: 25 | AJ95: 26 | AK95: 27 | AL95: 28 | AM95: 29 | AN95: 30 | AO95: 31
A96: 95 | B96: 14 B-3 A-3 Putra | C96: 1 | F96: =IF(D96="","Vacant","Inhouse") -> Vacant | H96: =G96*$G$127 -> 0 | K96: 1 | L96: 2 | M96: 3 | N96: 4 | O96: 5 | P96: 6 | Q96: 7 | R96: 8 | S96: 9 | T96: 10 | U96: 11 | V96: 12 | W96: 13 | X96: 14 | Y96: 15 | Z96: 16 | AA96: 17 | AB96: 18 | AC96: 19 | AD96: 20 | AE96: 21 | AF96: 22 | AG96: 23 | AH96: 24 | AI96: 25 | AJ96: 26 | AK96: 27 | AL96: 28 | AM96: 29 | AN96: 30 | AO96: 31
A97: 96 | C97: 2 | F97: =IF(D97="","Vacant","Inhouse") -> Vacant | H97: =G97*$G$127 -> 0 | K97: 1 | L97: 2 | M97: 3 | N97: 4 | O97: 5 | P97: 6 | Q97: 7 | R97: 8 | S97: 9 | T97: 10 | U97: 11 | V97: 12 | W97: 13 | X97: 14 | Y97: 15 | Z97: 16 | AA97: 17 | AB97: 18 | AC97: 19 | AD97: 20 | AE97: 21 | AF97: 22 | AG97: 23 | AH97: 24 | AI97: 25 | AJ97: 26 | AK97: 27 | AL97: 28 | AM97: 29 | AN97: 30 | AO97: 31
A98: 97 | C98: 3 | F98: =IF(D98="","Vacant","Inhouse") -> Vacant | H98: =G98*$G$127 -> 0 | K98: 1 | L98: 2 | M98: 3 | N98: 4 | O98: 5 | P98: 6 | Q98: 7 | R98: 8 | S98: 9 | T98: 10 | U98: 11 | V98: 12 | W98: 13 | X98: 14 | Y98: 15 | Z98: 16 | AA98: 17 | AB98: 18 | AC98: 19 | AD98: 20 | AE98: 21 | AF98: 22 | AG98: 23 | AH98: 24 | AI98: 25 | AJ98: 26 | AK98: 27 | AL98: 28 | AM98: 29 | AN98: 30 | AO98: 31
A99: 98 | C99: 4 | F99: =IF(D99="","Vacant","Inhouse") -> Vacant | H99: =G99*$G$127 -> 0 | K99: 1 | L99: 2 | M99: 3 | N99: 4 | O99: 5 | P99: 6 | Q99: 7 | R99: 8 | S99: 9 | T99: 10 | U99: 11 | V99: 12 | W99: 13 | X99: 14 | Y99: 15 | Z99: 16 | AA99: 17 | AB99: 18 | AC99: 19 | AD99: 20 | AE99: 21 | AF99: 22 | AG99: 23 | AH99: 24 | AI99: 25 | AJ99: 26 | AK99: 27 | AL99: 28 | AM99: 29 | AN99: 30 | AO99: 31
A100: 99 | C100: 5 | F100: =IF(D100="","Vacant","Inhouse") -> Vacant | H100: =G100*$G$127 -> 0 | K100: 1 | L100: 2 | M100: 3 | N100: 4 | O100: 5 | P100: 6 | Q100: 7 | R100: 8 | S100: 9 | T100: 10 | U100: 11 | V100: 12 | W100: 13 | X100: 14 | Y100: 15 | Z100: 16 | AA100: 17 | AB100: 18 | AC100: 19 | AD100: 20 | AE100: 21 | AF100: 22 | AG100: 23 | AH100: 24 | AI100: 25 | AJ100: 26 | AK100: 27 | AL100: 28 | AM100: 29 | AN100: 30 | AO100: 31
...

Sheet KPI DIAGRAM RUKOST
A13: ='DATA ROOM APARTKOST'!A47 -> OCCUPANCY | B13: ='DATA ROOM APARTKOST'!C49 -> REVENUE | C13: ='DATA ROOM APARTKOST'!A58 -> TARGET | D13: ='DATA ROOM APARTKOST'!A51 -> TOTAL KAMAR
A14: ='DATA ROOM RUKOST'!B131 -> 0 | B14: ='DATA ROOM RUKOST'!B141 -> 0 | C14: ='DATA ROOM RUKOST'!G129 -> 2656800000 | D14: ='DATA ROOM RUKOST'!B129 -> 123
A15: ='DATA ROOM APARTKOST'!A49 -> INHOUSE | B15: ='DATA ROOM RUKOST'!B133 -> 0
A16: KOST PUTRA | B16: ='DATA ROOM RUKOST'!B136 -> 0
A17: KOST PUTRI | B17: ='DATA ROOM RUKOST'!B137 -> 0
A18: KOST PUTRA | B18: ='DATA ROOM RUKOST'!D136 -> 0
A19: KOST PUTRI | B19: ='DATA ROOM RUKOST'!D137 -> 0

Sheet DATA ROOM APARTKOST
A1: JUMLAH KAMAR | B1: NO. UNIT | C1: NO. KAMAR | D1: TENANT | E1: KELAMIN | F1: STATUS | G1: WAKTU SEWA/TAHUN | H1: RATE | I1: CHECK IN | J1: CHECK OUT | K1: TANGGAL BULAN 2026
A2: 1 | B2: 05A PUTRI | C2: 1 B | F2: =IF(D2="","Vacant","Inhouse") -> Vacant | H2: =G2*$G$44 -> 0 | K2: 1 | L2: 2 | M2: 3 | N2: 4 | O2: 5 | P2: 6 | Q2: 7 | R2: 8 | S2: 9 | T2: 10 | U2: 11 | V2: 12 | W2: 13 | X2: 14 | Y2: 15 | Z2: 16 | AA2: 17 | AB2: 18 | AC2: 19 | AD2: 20 | AE2: 21 | AF2: 22 | AG2: 23 | AH2: 24 | AI2: 25 | AJ2: 26 | AK2: 27 | AL2: 28 | AM2: 29 | AN2: 30 | AO2: 31
A3: 2 | C3: 2 B | F3: =IF(D3="","Vacant","Inhouse") -> Vacant | H3: =G3*$G$44 -> 0 | K3: 1 | L3: 2 | M3: 3 | N3: 4 | O3: 5 | P3: 6 | Q3: 7 | R3: 8 | S3: 9 | T3: 10 | U3: 11 | V3: 12 | W3: 13 | X3: 14 | Y3: 15 | Z3: 16 | AA3: 17 | AB3: 18 | AC3: 19 | AD3: 20 | AE3: 21 | AF3: 22 | AG3: 23 | AH3: 24 | AI3: 25 | AJ3: 26 | AK3: 27 | AL3: 28 | AM3: 29 | AN3: 30 | AO3: 31
A4: 3 | C4: 3 A | F4: =IF(D4="","Vacant","Inhouse") -> Vacant | H4: =G4*$G$44 -> 0 | K4: 1 | L4: 2 | M4: 3 | N4: 4 | O4: 5 | P4: 6 | Q4: 7 | R4: 8 | S4: 9 | T4: 10 | U4: 11 | V4: 12 | W4: 13 | X4: 14 | Y4: 15 | Z4: 16 | AA4: 17 | AB4: 18 | AC4: 19 | AD4: 20 | AE4: 21 | AF4: 22 | AG4: 23 | AH4: 24 | AI4: 25 | AJ4: 26 | AK4: 27 | AL4: 28 | AM4: 29 | AN4: 30 | AO4: 31
A5: 4 | C5: 4 A | F5: =IF(D5="","Vacant","Inhouse") -> Vacant | H5: =G5*$G$44 -> 0 | K5: 1 | L5: 2 | M5: 3 | N5: 4 | O5: 5 | P5: 6 | Q5: 7 | R5: 8 | S5: 9 | T5: 10 | U5: 11 | V5: 12 | W5: 13 | X5: 14 | Y5: 15 | Z5: 16 | AA5: 17 | AB5: 18 | AC5: 19 | AD5: 20 | AE5: 21 | AF5: 22 | AG5: 23 | AH5: 24 | AI5: 25 | AJ5: 26 | AK5: 27 | AL5: 28 | AM5: 29 | AN5: 30 | AO5: 31
A6: 5 | B6: 05B PUTRI | C6: 1 B | F6: =IF(D6="","Vacant","Inhouse") -> Vacant | H6: =G6*$G$44 -> 0 | K6: 1 | L6: 2 | M6: 3 | N6: 4 | O6: 5 | P6: 6 | Q6: 7 | R6: 8 | S6: 9 | T6: 10 | U6: 11 | V6: 12 | W6: 13 | X6: 14 | Y6: 15 | Z6: 16 | AA6: 17 | AB6: 18 | AC6: 19 | AD6: 20 | AE6: 21 | AF6: 22 | AG6: 23 | AH6: 24 | AI6: 25 | AJ6: 26 | AK6: 27 | AL6: 28 | AM6: 29 | AN6: 30 | AO6: 31
A7: 6 | C7: 2 B | F7: =IF(D7="","Vacant","Inhouse") -> Vacant | H7: =G7*$G$44 -> 0 | K7: 1 | L7: 2 | M7: 3 | N7: 4 | O7: 5 | P7: 6 | Q7: 7 | R7: 8 | S7: 9 | T7: 10 | U7: 11 | V7: 12 | W7: 13 | X7: 14 | Y7: 15 | Z7: 16 | AA7: 17 | AB7: 18 | AC7: 19 | AD7: 20 | AE7: 21 | AF7: 22 | AG7: 23 | AH7: 24 | AI7: 25 | AJ7: 26 | AK7: 27 | AL7: 28 | AM7: 29 | AN7: 30 | AO7: 31
A8: 7 | C8: 3 A | F8: =IF(D8="","Vacant","Inhouse") -> Vacant | H8: =G8*$G$44 -> 0 | K8: 1 | L8: 2 | M8: 3 | N8: 4 | O8: 5 | P8: 6 | Q8: 7 | R8: 8 | S8: 9 | T8: 10 | U8: 11 | V8: 12 | W8: 13 | X8: 14 | Y8: 15 | Z8: 16 | AA8: 17 | AB8: 18 | AC8: 19 | AD8: 20 | AE8: 21 | AF8: 22 | AG8: 23 | AH8: 24 | AI8: 25 | AJ8: 26 | AK8: 27 | AL8: 28 | AM8: 29 | AN8: 30 | AO8: 31
A9: 8 | C9: 4 A | F9: =IF(D9="","Vacant","Inhouse") -> Vacant | H9: =G9*$G$44 -> 0 | K9: 1 | L9: 2 | M9: 3 | N9: 4 | O9: 5 | P9: 6 | Q9: 7 | R9: 8 | S9: 9 | T9: 10 | U9: 11 | V9: 12 | W9: 13 | X9: 14 | Y9: 15 | Z9: 16 | AA9: 17 | AB9: 18 | AC9: 19 | AD9: 20 | AE9: 21 | AF9: 22 | AG9: 23 | AH9: 24 | AI9: 25 | AJ9: 26 | AK9: 27 | AL9: 28 | AM9: 29 | AN9: 30 | AO9: 31
A10: 9 | B10: 05C PUTRI | C10: 1 B | F10: =IF(D10="","Vacant","Inhouse") -> Vacant | H10: =G10*$G$44 -> 0 | K10: 1 | L10: 2 | M10: 3 | N10: 4 | O10: 5 | P10: 6 | Q10: 7 | R10: 8 | S10: 9 | T10: 10 | U10: 11 | V10: 12 | W10: 13 | X10: 14 | Y10: 15 | Z10: 16 | AA10: 17 | AB10: 18 | AC10: 19 | AD10: 20 | AE10: 21 | AF10: 22 | AG10: 23 | AH10: 24 | AI10: 25 | AJ10: 26 | AK10: 27 | AL10: 28 | AM10: 29 | AN10: 30 | AO10: 31
A11: 10 | C11: 2 B | F11: =IF(D11="","Vacant","Inhouse") -> Vacant | H11: =G11*$G$44 -> 0 | K11: 1 | L11: 2 | M11: 3 | N11: 4 | O11: 5 | P11: 6 | Q11: 7 | R11: 8 | S11: 9 | T11: 10 | U11: 11 | V11: 12 | W11: 13 | X11: 14 | Y11: 15 | Z11: 16 | AA11: 17 | AB11: 18 | AC11: 19 | AD11: 20 | AE11: 21 | AF11: 22 | AG11: 23 | AH11: 24 | AI11: 25 | AJ11: 26 | AK11: 27 | AL11: 28 | AM11: 29 | AN11: 30 | AO11: 31
A12: 11 | C12: 3 A | F12: =IF(D12="","Vacant","Inhouse") -> Vacant | H12: =G12*$G$44 -> 0 | K12: 1 | L12: 2 | M12: 3 | N12: 4 | O12: 5 | P12: 6 | Q12: 7 | R12: 8 | S12: 9 | T12: 10 | U12: 11 | V12: 12 | W12: 13 | X12: 14 | Y12: 15 | Z12: 16 | AA12: 17 | AB12: 18 | AC12: 19 | AD12: 20 | AE12: 21 | AF12: 22 | AG12: 23 | AH12: 24 | AI12: 25 | AJ12: 26 | AK12: 27 | AL12: 28 | AM12: 29 | AN12: 30 | AO12: 31
A13: 12 | C13: 4 A | F13: =IF(D13="","Vacant","Inhouse") -> Vacant | H13: =G13*$G$44 -> 0 | K13: 1 | L13: 2 | M13: 3 | N13: 4 | O13: 5 | P13: 6 | Q13: 7 | R13: 8 | S13: 9 | T13: 10 | U13: 11 | V13: 12 | W13: 13 | X13: 14 | Y13: 15 | Z13: 16 | AA13: 17 | AB13: 18 | AC13: 19 | AD13: 20 | AE13: 21 | AF13: 22 | AG13: 23 | AH13: 24 | AI13: 25 | AJ13: 26 | AK13: 27 | AL13: 28 | AM13: 29 | AN13: 30 | AO13: 31
A14: 13 | B14: 05D PUTRI | C14: 1 B | F14: =IF(D14="","Vacant","Inhouse") -> Vacant | H14: =G14*$G$44 -> 0 | K14: 1 | L14: 2 | M14: 3 | N14: 4 | O14: 5 | P14: 6 | Q14: 7 | R14: 8 | S14: 9 | T14: 10 | U14: 11 | V14: 12 | W14: 13 | X14: 14 | Y14: 15 | Z14: 16 | AA14: 17 | AB14: 18 | AC14: 19 | AD14: 20 | AE14: 21 | AF14: 22 | AG14: 23 | AH14: 24 | AI14: 25 | AJ14: 26 | AK14: 27 | AL14: 28 | AM14: 29 | AN14: 30 | AO14: 31
A15: 14 | C15: 2 B | F15: =IF(D15="","Vacant","Inhouse") -> Vacant | H15: =G15*$G$44 -> 0 | K15: 1 | L15: 2 | M15: 3 | N15: 4 | O15: 5 | P15: 6 | Q15: 7 | R15: 8 | S15: 9 | T15: 10 | U15: 11 | V15: 12 | W15: 13 | X15: 14 | Y15: 15 | Z15: 16 | AA15: 17 | AB15: 18 | AC15: 19 | AD15: 20 | AE15: 21 | AF15: 22 | AG15: 23 | AH15: 24 | AI15: 25 | AJ15: 26 | AK15: 27 | AL15: 28 | AM15: 29 | AN15: 30 | AO15: 31
A16: 15 | C16: 3 A | F16: =IF(D16="","Vacant","Inhouse") -> Vacant | H16: =G16*$G$44 -> 0 | K16: 1 | L16: 2 | M16: 3 | N16: 4 | O16: 5 | P16: 6 | Q16: 7 | R16: 8 | S16: 9 | T16: 10 | U16: 11 | V16: 12 | W16: 13 | X16: 14 | Y16: 15 | Z16: 16 | AA16: 17 | AB16: 18 | AC16: 19 | AD16: 20 | AE16: 21 | AF16: 22 | AG16: 23 | AH16: 24 | AI16: 25 | AJ16: 26 | AK16: 27 | AL16: 28 | AM16: 29 | AN16: 30 | AO16: 31
A17: 16 | C17: 4 A | F17: =IF(D17="","Vacant","Inhouse") -> Vacant | H17: =G17*$G$44 -> 0 | K17: 1 | L17: 2 | M17: 3 | N17: 4 | O17: 5 | P17: 6 | Q17: 7 | R17: 8 | S17: 9 | T17: 10 | U17: 11 | V17: 12 | W17: 13 | X17: 14 | Y17: 15 | Z17: 16 | AA17: 17 | AB17: 18 | AC17: 19 | AD17: 20 | AE17: 21 | AF17: 22 | AG17: 23 | AH17: 24 | AI17: 25 | AJ17: 26 | AK17: 27 | AL17: 28 | AM17: 29 | AN17: 30 | AO17: 31
A18: 17 | B18: 18A PUTRA | C18: 1 B | F18: =IF(D18="","Vacant","Inhouse") -> Vacant | H18: =G18*$G$44 -> 0 | K18: 1 | L18: 2 | M18: 3 | N18: 4 | O18: 5 | P18: 6 | Q18: 7 | R18: 8 | S18: 9 | T18: 10 | U18: 11 | V18: 12 | W18: 13 | X18: 14 | Y18: 15 | Z18: 16 | AA18: 17 | AB18: 18 | AC18: 19 | AD18: 20 | AE18: 21 | AF18: 22 | AG18: 23 | AH18: 24 | AI18: 25 | AJ18: 26 | AK18: 27 | AL18: 28 | AM18: 29 | AN18: 30 | AO18: 31
A19: 18 | C19: 2 B | F19: =IF(D19="","Vacant","Inhouse") -> Vacant | H19: =G19*$G$44 -> 0 | K19: 1 | L19: 2 | M19: 3 | N19: 4 | O19: 5 | P19: 6 | Q19: 7 | R19: 8 | S19: 9 | T19: 10 | U19: 11 | V19: 12 | W19: 13 | X19: 14 | Y19: 15 | Z19: 16 | AA19: 17 | AB19: 18 | AC19: 19 | AD19: 20 | AE19: 21 | AF19: 22 | AG19: 23 | AH19: 24 | AI19: 25 | AJ19: 26 | AK19: 27 | AL19: 28 | AM19: 29 | AN19: 30 | AO19: 31
A20: 19 | C20: 3 A | F20: =IF(D20="","Vacant","Inhouse") -> Vacant | H20: =G20*$G$44 -> 0 | K20: 1 | L20: 2 | M20: 3 | N20: 4 | O20: 5 | P20: 6 | Q20: 7 | R20: 8 | S20: 9 | T20: 10 | U20: 11 | V20: 12 | W20: 13 | X20: 14 | Y20: 15 | Z20: 16 | AA20: 17 | AB20: 18 | AC20: 19 | AD20: 20 | AE20: 21 | AF20: 22 | AG20: 23 | AH20: 24 | AI20: 25 | AJ20: 26 | AK20: 27 | AL20: 28 | AM20: 29 | AN20: 30 | AO20: 31
A21: 20 | C21: 4 A | F21: =IF(D21="","Vacant","Inhouse") -> Vacant | H21: =G21*$G$44 -> 0 | K21: 1 | L21: 2 | M21: 3 | N21: 4 | O21: 5 | P21: 6 | Q21: 7 | R21: 8 | S21: 9 | T21: 10 | U21: 11 | V21: 12 | W21: 13 | X21: 14 | Y21: 15 | Z21: 16 | AA21: 17 | AB21: 18 | AC21: 19 | AD21: 20 | AE21: 21 | AF21: 22 | AG21: 23 | AH21: 24 | AI21: 25 | AJ21: 26 | AK21: 27 | AL21: 28 | AM21: 29 | AN21: 30 | AO21: 31
A22: 21 | B22: 18B PUTRA | C22: 1 B | F22: =IF(D22="","Vacant","Inhouse") -> Vacant | H22: =G22*$G$44 -> 0 | K22: 1 | L22: 2 | M22: 3 | N22: 4 | O22: 5 | P22: 6 | Q22: 7 | R22: 8 | S22: 9 | T22: 10 | U22: 11 | V22: 12 | W22: 13 | X22: 14 | Y22: 15 | Z22: 16 | AA22: 17 | AB22: 18 | AC22: 19 | AD22: 20 | AE22: 21 | AF22: 22 | AG22: 23 | AH22: 24 | AI22: 25 | AJ22: 26 | AK22: 27 | AL22: 28 | AM22: 29 | AN22: 30 | AO22: 31
A23: 22 | C23: 2 B | F23: =IF(D23="","Vacant","Inhouse") -> Vacant | H23: =G23*$G$44 -> 0 | K23: 1 | L23: 2 | M23: 3 | N23: 4 | O23: 5 | P23: 6 | Q23: 7 | R23: 8 | S23: 9 | T23: 10 | U23: 11 | V23: 12 | W23: 13 | X23: 14 | Y23: 15 | Z23: 16 | AA23: 17 | AB23: 18 | AC23: 19 | AD23: 20 | AE23: 21 | AF23: 22 | AG23: 23 | AH23: 24 | AI23: 25 | AJ23: 26 | AK23: 27 | AL23: 28 | AM23: 29 | AN23: 30 | AO23: 31
A24: 23 | C24: 3 A | F24: =IF(D24="","Vacant","Inhouse") -> Vacant | H24: =G24*$G$44 -> 0 | K24: 1 | L24: 2 | M24: 3 | N24: 4 | O24: 5 | P24: 6 | Q24: 7 | R24: 8 | S24: 9 | T24: 10 | U24: 11 | V24: 12 | W24: 13 | X24: 14 | Y24: 15 | Z24: 16 | AA24: 17 | AB24: 18 | AC24: 19 | AD24: 20 | AE24: 21 | AF24: 22 | AG24: 23 | AH24: 24 | AI24: 25 | AJ24: 26 | AK24: 27 | AL24: 28 | AM24: 29 | AN24: 30 | AO24: 31
A25: 24 | C25: 4 A | F25: =IF(D25="","Vacant","Inhouse") -> Vacant | H25: =G25*$G$44 -> 0 | K25: 1 | L25: 2 | M25: 3 | N25: 4 | O25: 5 | P25: 6 | Q25: 7 | R25: 8 | S25: 9 | T25: 10 | U25: 11 | V25: 12 | W25: 13 | X25: 14 | Y25: 15 | Z25: 16 | AA25: 17 | AB25: 18 | AC25: 19 | AD25: 20 | AE25: 21 | AF25: 22 | AG25: 23 | AH25: 24 | AI25: 25 | AJ25: 26 | AK25: 27 | AL25: 28 | AM25: 29 | AN25: 30 | AO25: 31
A26: 25 | B26: 18C PUTRA | C26: 1 B | F26: =IF(D26="","Vacant","Inhouse") -> Vacant | H26: =G26*$G$44 -> 0 | K26: 1 | L26: 2 | M26: 3 | N26: 4 | O26: 5 | P26: 6 | Q26: 7 | R26: 8 | S26: 9 | T26: 10 | U26: 11 | V26: 12 | W26: 13 | X26: 14 | Y26: 15 | Z26: 16 | AA26: 17 | AB26: 18 | AC26: 19 | AD26: 20 | AE26: 21 | AF26: 22 | AG26: 23 | AH26: 24 | AI26: 25 | AJ26: 26 | AK26: 27 | AL26: 28 | AM26: 29 | AN26: 30 | AO26: 31
A27: 26 | C27: 2 B | F27: =IF(D27="","Vacant","Inhouse") -> Vacant | H27: =G27*$G$44 -> 0 | K27: 1 | L27: 2 | M27: 3 | N27: 4 | O27: 5 | P27: 6 | Q27: 7 | R27: 8 | S27: 9 | T27: 10 | U27: 11 | V27: 12 | W27: 13 | X27: 14 | Y27: 15 | Z27: 16 | AA27: 17 | AB27: 18 | AC27: 19 | AD27: 20 | AE27: 21 | AF27: 22 | AG27: 23 | AH27: 24 | AI27: 25 | AJ27: 26 | AK27: 27 | AL27: 28 | AM27: 29 | AN27: 30 | AO27: 31
A28: 27 | C28: 3 A | F28: =IF(D28="","Vacant","Inhouse") -> Vacant | H28: =G28*$G$44 -> 0 | K28: 1 | L28: 2 | M28: 3 | N28: 4 | O28: 5 | P28: 6 | Q28: 7 | R28: 8 | S28: 9 | T28: 10 | U28: 11 | V28: 12 | W28: 13 | X28: 14 | Y28: 15 | Z28: 16 | AA28: 17 | AB28: 18 | AC28: 19 | AD28: 20 | AE28: 21 | AF28: 22 | AG28: 23 | AH28: 24 | AI28: 25 | AJ28: 26 | AK28: 27 | AL28: 28 | AM28: 29 | AN28: 30 | AO28: 31
A29: 28 | C29: 4 A | F29: =IF(D29="","Vacant","Inhouse") -> Vacant | H29: =G29*$G$44 -> 0 | K29: 1 | L29: 2 | M29: 3 | N29: 4 | O29: 5 | P29: 6 | Q29: 7 | R29: 8 | S29: 9 | T29: 10 | U29: 11 | V29: 12 | W29: 13 | X29: 14 | Y29: 15 | Z29: 16 | AA29: 17 | AB29: 18 | AC29: 19 | AD29: 20 | AE29: 21 | AF29: 22 | AG29: 23 | AH29: 24 | AI29: 25 | AJ29: 26 | AK29: 27 | AL29: 28 | AM29: 29 | AN29: 30 | AO29: 31
A30: 29 | B30: 18D PUTRA | C30: 1 B | F30: =IF(D30="","Vacant","Inhouse") -> Vacant | H30: =G30*$G$44 -> 0 | K30: 1 | L30: 2 | M30: 3 | N30: 4 | O30: 5 | P30: 6 | Q30: 7 | R30: 8 | S30: 9 | T30: 10 | U30: 11 | V30: 12 | W30: 13 | X30: 14 | Y30: 15 | Z30: 16 | AA30: 17 | AB30: 18 | AC30: 19 | AD30: 20 | AE30: 21 | AF30: 22 | AG30: 23 | AH30: 24 | AI30: 25 | AJ30: 26 | AK30: 27 | AL30: 28 | AM30: 29 | AN30: 30 | AO30: 31
A31: 30 | C31: 2 B | F31: =IF(D31="","Vacant","Inhouse") -> Vacant | H31: =G31*$G$44 -> 0 | K31: 1 | L31: 2 | M31: 3 | N31: 4 | O31: 5 | P31: 6 | Q31: 7 | R31: 8 | S31: 9 | T31: 10 | U31: 11 | V31: 12 | W31: 13 | X31: 14 | Y31: 15 | Z31: 16 | AA31: 17 | AB31: 18 | AC31: 19 | AD31: 20 | AE31: 21 | AF31: 22 | AG31: 23 | AH31: 24 | AI31: 25 | AJ31: 26 | AK31: 27 | AL31: 28 | AM31: 29 | AN31: 30 | AO31: 31
A32: 31 | C32: 3 A | F32: =IF(D32="","Vacant","Inhouse") -> Vacant | H32: =G32*$G$44 -> 0 | K32: 1 | L32: 2 | M32: 3 | N32: 4 | O32: 5 | P32: 6 | Q32: 7 | R32: 8 | S32: 9 | T32: 10 | U32: 11 | V32: 12 | W32: 13 | X32: 14 | Y32: 15 | Z32: 16 | AA32: 17 | AB32: 18 | AC32: 19 | AD32: 20 | AE32: 21 | AF32: 22 | AG32: 23 | AH32: 24 | AI32: 25 | AJ32: 26 | AK32: 27 | AL32: 28 | AM32: 29 | AN32: 30 | AO32: 31
A33: 32 | C33: 4 A | F33: =IF(D33="","Vacant","Inhouse") -> Vacant | H33: =G33*$G$44 -> 0 | K33: 1 | L33: 2 | M33: 3 | N33: 4 | O33: 5 | P33: 6 | Q33: 7 | R33: 8 | S33: 9 | T33: 10 | U33: 11 | V33: 12 | W33: 13 | X33: 14 | Y33: 15 | Z33: 16 | AA33: 17 | AB33: 18 | AC33: 19 | AD33: 20 | AE33: 21 | AF33: 22 | AG33: 23 | AH33: 24 | AI33: 25 | AJ33: 26 | AK33: 27 | AL33: 28 | AM33: 29 | AN33: 30 | AO33: 31
A34: 33 | B34: 18E PUTRA | C34: 1 B | F34: =IF(D34="","Vacant","Inhouse") -> Vacant | H34: =G34*$G$44 -> 0 | K34: 1 | L34: 2 | M34: 3 | N34: 4 | O34: 5 | P34: 6 | Q34: 7 | R34: 8 | S34: 9 | T34: 10 | U34: 11 | V34: 12 | W34: 13 | X34: 14 | Y34: 15 | Z34: 16 | AA34: 17 | AB34: 18 | AC34: 19 | AD34: 20 | AE34: 21 | AF34: 22 | AG34: 23 | AH34: 24 | AI34: 25 | AJ34: 26 | AK34: 27 | AL34: 28 | AM34: 29 | AN34: 30 | AO34: 31
A35: 34 | C35: 2 B | F35: =IF(D35="","Vacant","Inhouse") -> Vacant | H35: =G35*$G$44 -> 0 | K35: 1 | L35: 2 | M35: 3 | N35: 4 | O35: 5 | P35: 6 | Q35: 7 | R35: 8 | S35: 9 | T35: 10 | U35: 11 | V35: 12 | W35: 13 | X35: 14 | Y35: 15 | Z35: 16 | AA35: 17 | AB35: 18 | AC35: 19 | AD35: 20 | AE35: 21 | AF35: 22 | AG35: 23 | AH35: 24 | AI35: 25 | AJ35: 26 | AK35: 27 | AL35: 28 | AM35: 29 | AN35: 30 | AO35: 31
A36: 35 | C36: 3 A | F36: =IF(D36="","Vacant","Inhouse") -> Vacant | H36: =G36*$G$44 -> 0 | K36: 1 | L36: 2 | M36: 3 | N36: 4 | O36: 5 | P36: 6 | Q36: 7 | R36: 8 | S36: 9 | T36: 10 | U36: 11 | V36: 12 | W36: 13 | X36: 14 | Y36: 15 | Z36: 16 | AA36: 17 | AB36: 18 | AC36: 19 | AD36: 20 | AE36: 21 | AF36: 22 | AG36: 23 | AH36: 24 | AI36: 25 | AJ36: 26 | AK36: 27 | AL36: 28 | AM36: 29 | AN36: 30 | AO36: 31
A37: 36 | C37: 4 A | F37: =IF(D37="","Vacant","Inhouse") -> Vacant | H37: =G37*$G$44 -> 0 | K37: 1 | L37: 2 | M37: 3 | N37: 4 | O37: 5 | P37: 6 | Q37: 7 | R37: 8 | S37: 9 | T37: 10 | U37: 11 | V37: 12 | W37: 13 | X37: 14 | Y37: 15 | Z37: 16 | AA37: 17 | AB37: 18 | AC37: 19 | AD37: 20 | AE37: 21 | AF37: 22 | AG37: 23 | AH37: 24 | AI37: 25 | AJ37: 26 | AK37: 27 | AL37: 28 | AM37: 29 | AN37: 30 | AO37: 31
A38: 37 | B38: 18F PUTRA | C38: 1 B | F38: =IF(D38="","Vacant","Inhouse") -> Vacant | H38: =G38*$G$44 -> 0 | K38: 1 | L38: 2 | M38: 3 | N38: 4 | O38: 5 | P38: 6 | Q38: 7 | R38: 8 | S38: 9 | T38: 10 | U38: 11 | V38: 12 | W38: 13 | X38: 14 | Y38: 15 | Z38: 16 | AA38: 17 | AB38: 18 | AC38: 19 | AD38: 20 | AE38: 21 | AF38: 22 | AG38: 23 | AH38: 24 | AI38: 25 | AJ38: 26 | AK38: 27 | AL38: 28 | AM38: 29 | AN38: 30 | AO38: 31
A39: 38 | C39: 2 B | F39: =IF(D39="","Vacant","Inhouse") -> Vacant | H39: =G39*$G$44 -> 0 | K39: 1 | L39: 2 | M39: 3 | N39: 4 | O39: 5 | P39: 6 | Q39: 7 | R39: 8 | S39: 9 | T39: 10 | U39: 11 | V39: 12 | W39: 13 | X39: 14 | Y39: 15 | Z39: 16 | AA39: 17 | AB39: 18 | AC39: 19 | AD39: 20 | AE39: 21 | AF39: 22 | AG39: 23 | AH39: 24 | AI39: 25 | AJ39: 26 | AK39: 27 | AL39: 28 | AM39: 29 | AN39: 30 | AO39: 31
A40: 39 | C40: 3 A | F40: =IF(D40="","Vacant","Inhouse") -> Vacant | H40: =G40*$G$44 -> 0 | K40: 1 | L40: 2 | M40: 3 | N40: 4 | O40: 5 | P40: 6 | Q40: 7 | R40: 8 | S40: 9 | T40: 10 | U40: 11 | V40: 12 | W40: 13 | X40: 14 | Y40: 15 | Z40: 16 | AA40: 17 | AB40: 18 | AC40: 19 | AD40: 20 | AE40: 21 | AF40: 22 | AG40: 23 | AH40: 24 | AI40: 25 | AJ40: 26 | AK40: 27 | AL40: 28 | AM40: 29 | AN40: 30 | AO40: 31
A41: 40 | C41: 4 A | F41: =IF(D41="","Vacant","Inhouse") -> Vacant | H41: =G41*$G$44 -> 0 | K41: 1 | L41: 2 | M41: 3 | N41: 4 | O41: 5 | P41: 6 | Q41: 7 | R41: 8 | S41: 9 | T41: 10 | U41: 11 | V41: 12 | W41: 13 | X41: 14 | Y41: 15 | Z41: 16 | AA41: 17 | AB41: 18 | AC41: 19 | AD41: 20 | AE41: 21 | AF41: 22 | AG41: 23 | AH41: 24 | AI41: 25 | AJ41: 26 | AK41: 27 | AL41: 28 | AM41: 29 | AN41: 30 | AO41: 31
A43: Putra | B43: 24 | F43: SEWA PERBULAN | G43: SEWA PERTAHUN
A44: Putri | B44: 16 | F44: 1800000 | G44: =F44*12 -> 21600000
A45: Total | B45: 40 | F45: Total Pemasukan | G45: =sum(H2:H41) -> 0
F46: Total Target | G46: =G44*B45 -> 864000000
A47: OCCUPANCY | B47: =B49/B45 -> 0 | C47: OCCUPANCY | D47: =B47 -> 0
A48: VACANT | B48: =COUNTIF(F2:F41,"Vacant") -> 40 | C48: INHOUSE | D48: =B49 -> 0
A49: INHOUSE | B49: =COUNTIF(F2:F41,"Inhouse") -> 0 | C49: REVENUE | D49: =B57 -> 0
A50: OUT OF ORDER | B50: =COUNTIF(F2:F41,"OO") -> 0
A51: TOTAL KAMAR | B51: =SUM(B48:B50) -> 40 | C51: REVENUE /GENDER
A52: KOST PUTRA | B52: =COUNTIF(E2:E41,"Putra") -> 0 | C52: PUTRA | D52: =B52*G44 -> 0
A53: KOST PUTRI | B53: =COUNTIF(E2:E41,"Putri") -> 0 | C53: PUTRI | D53: =B53*G44 -> 0
A54: TOTAL INHOUSE | B54: =B52+B53 -> 0 | C54: TOTAL | D54: =D52+D53 -> 0
A56: LAPORAN ACHIEVMENT | B56: =B57/B58 -> 0
A57: ACHIEVMENT | B57: =G45 -> 0
A58: TARGET | B58: =G46 -> 864000000

Sheet KPI DIAGRAM APARTKOST
A13: ='DATA ROOM APARTKOST'!A47 -> OCCUPANCY | B13: ='DATA ROOM APARTKOST'!C49 -> REVENUE | C13: ='DATA ROOM APARTKOST'!A58 -> TARGET | D13: ='DATA ROOM APARTKOST'!A51 -> TOTAL KAMAR
A14: ='DATA ROOM APARTKOST'!B47 -> 0 | B14: ='DATA ROOM APARTKOST'!D49 -> 0 | C14: ='DATA ROOM APARTKOST'!B58 -> 864000000 | D14: ='DATA ROOM APARTKOST'!B51 -> 40
A15: ='DATA ROOM APARTKOST'!A49 -> INHOUSE | B15: ='DATA ROOM APARTKOST'!B49 -> 0
A16: KOST PUTRA | B16: ='DATA ROOM APARTKOST'!B52 -> 0
A17: KOST PUTRI | B17: ='DATA ROOM APARTKOST'!B53 -> 0
A18: KOST PUTRA | B18: ='DATA ROOM APARTKOST'!D52 -> 0
A19: KOST PUTRI | B19: ='DATA ROOM APARTKOST'!D53 -> 0

Sheet Sheet6
A1: GSH JATINANGOR 1
A2: Type RuKost | D2: Type ApartKost | G2: GSH JATINANGOR 1
A3: Putra | B3: 57 | D3: Putra | E3: 24 | G3: Putra | H3: =B3+E3 -> 81
A4: Putri | B4: 66 | D4: Putri | E4: 16 | G4: Putri | H4: =B4+E4 -> 82
A5: Total | B5: 123 | D5: Total | E5: 40 | G5: Total | H5: =B5+E5 -> 163
A8: BUDGET | D8: BUDGET | G8: BUDGET
A9: ='KPI DIAGRAM RUKOST'!C14 -> 2656800000 | D9: ='KPI DIAGRAM APARTKOST'!C14 -> 864000000 | G9: =A9+D9 -> 3520800000
A10: OCCUPANCY | B10: ='KPI DIAGRAM RUKOST'!A14 -> 0 | D10: OCCUPANCY | E10: ='KPI DIAGRAM APARTKOST'!A14 -> 0 | G10: OCCUPANCY | H10: =B10+E10 -> 0
A11: REVENUE | B11: ='KPI DIAGRAM RUKOST'!B14 -> 0 | D11: REVENUE | E11: ='KPI DIAGRAM APARTKOST'!B14 -> 0 | G11: REVENUE | H11: =B11+E11 -> 0
A12: INHOUSE | B12: ='KPI DIAGRAM RUKOST'!B15 -> 0 | D12: INHOUSE | E12: ='KPI DIAGRAM APARTKOST'!B15 -> 0 | G12: INHOUSE | H12: =B12+E12 -> 0
A13: KOST PUTRA | B13: ='KPI DIAGRAM RUKOST'!B16 -> 0 | D13: KOST PUTRA | E13: ='KPI DIAGRAM APARTKOST'!B16 -> 0 | G13: KOST PUTRA | H13: =B13+E13 -> 0
A14: KOST PUTRI | B14: ='KPI DIAGRAM RUKOST'!B17 -> 0 | D14: KOST PUTRI | E14: ='KPI DIAGRAM APARTKOST'!B17 -> 0 | G14: KOST PUTRI | H14: =B14+E14 -> 0
A15: KOST PUTRA | B15: ='KPI DIAGRAM RUKOST'!B18 -> 0 | D15: KOST PUTRA | E15: ='KPI DIAGRAM APARTKOST'!B18 -> 0 | G15: KOST PUTRA | H15: =B15+E15 -> 0
A16: KOST PUTRI | B16: ='KPI DIAGRAM RUKOST'!B19 -> 0 | D16: KOST PUTRI | E16: ='KPI DIAGRAM APARTKOST'!B19 -> 0 | G16: KOST PUTRI | H16: =B16+E16 -> 0
